step,telescope_perplexity,telescope_cross_perplexity,causal_perplexity,performer_model_entropy,observer_model_entropy,entropy_ratio,kl_divergence,performer_total_variation_distance,observer_total_variation_distance,performer_distribution_overlap,observer_distribution_overlap,performer_logits_std,observer_logits_std,shifted1_telescope_perplexity,shifted1_telescope_cross_perplexity,shifted2_telescope_perplexity,shifted2_telescope_cross_perplexity,shifted3_telescope_perplexity,shifted3_telescope_cross_perplexity
100.0,[9.90625],[3.4296875],4.0,,,,,0.7888779640197754,0.7888779640197754,0.2109990119934082,0.2109990119934082,0.0022144317626953125,0.0022144317626953125,414.25,,inf,,inf,
200.0,[10.2421875],[2.859375],3.05078125,,,,,0.6935797929763794,0.6935797929763794,0.3066634237766266,0.3066634237766266,0.002521514892578125,0.002521514892578125,inf,,inf,,inf,
300.0,[10.203125],[3.091796875],2.873046875,,,,,0.7205459475517273,0.7205459475517273,0.2794540226459503,0.2794540226459503,0.0023822784423828125,0.0023822784423828125,439.5,,inf,,inf,
500.0,[9.4921875],[3.91015625],4.3515625,,,,,0.8433734774589539,0.8433734774589539,0.15690888464450836,0.15690888464450836,0.00183868408203125,0.00183868408203125,250.0,,inf,,inf,
600.0,[8.828125],[3.3203125],3.642578125,,,,,0.7512755393981934,0.7512755393981934,0.2484056055545807,0.2484056055545807,0.0022411346435546875,0.0022411346435546875,608.0,,inf,,inf,
700.0,[8.7890625],[2.57421875],2.759765625,,,,,0.6416051387786865,0.6416051387786865,0.3583948314189911,0.3583948314189911,0.00269317626953125,0.00269317626953125,644.0,,inf,,inf,
800.0,[11.8671875],[2.76171875],3.03515625,,,,,0.6488259434700012,0.6488259434700012,0.3513466715812683,0.3513466715812683,0.0027599334716796875,0.0027599334716796875,457.25,,inf,,inf,
1000.0,[10.25],[3.849609375],3.830078125,,,,,0.8227272629737854,0.8227272629737854,0.177651509642601,0.177651509642601,0.001934051513671875,0.001934051513671875,528.0,,inf,,inf,
1100.0,[9.9296875],[3.208984375],3.390625,,,,,0.734375,0.734375,0.26548030972480774,0.26548030972480774,0.00238037109375,0.00238037109375,634.0,,inf,,inf,
1300.0,[11.2109375],[2.94921875],2.94921875,,,,,0.6987804770469666,0.6987804770469666,0.3013719618320465,0.3013719618320465,0.00246429443359375,0.00246429443359375,518.5,,inf,,inf,
1500.0,[10.1796875],[3.568359375],3.6796875,,,,,0.7611256837844849,0.7611256837844849,0.23903796076774597,0.23903796076774597,0.0022182464599609375,0.0022182464599609375,580.5,,inf,,inf,
1600.0,[9.4921875],[3.833984375],4.12109375,,,,,0.8341836929321289,0.8341836929321289,0.16613520681858063,0.16613520681858063,0.0018243789672851562,0.0018243789672851562,328.25,,inf,,inf,
1800.0,[10.9140625],[3.150390625],3.0859375,,,,,0.7116815447807312,0.7116815447807312,0.2885044515132904,0.2885044515132904,0.002422332763671875,0.002422332763671875,436.0,,inf,,inf,
1900.0,[10.6328125],[2.775390625],3.1015625,,,,,0.69482421875,0.69482421875,0.304931640625,0.304931640625,0.002536773681640625,0.002536773681640625,336.25,,inf,,inf,
2100.0,[8.75],[2.841796875],2.755859375,,,,,0.6732456088066101,0.6732456088066101,0.32653507590293884,0.32653507590293884,0.002544403076171875,0.002544403076171875,712.0,,inf,,inf,
2200.0,[9.2421875],[2.8125],3.244140625,,,,,0.7421466112136841,0.7421466112136841,0.2578533887863159,0.2578533887863159,0.0024547576904296875,0.0024547576904296875,531.0,,inf,,inf,
2300.0,[10.0390625],[2.87890625],3.416015625,,,,,0.640625,0.640625,0.35917967557907104,0.35917967557907104,0.0026836395263671875,0.0026836395263671875,52.75,,inf,,inf,
2400.0,[10.2109375],[3.015625],2.791015625,,,,,0.724662184715271,0.724662184715271,0.2753378450870514,0.2753378450870514,0.0023250579833984375,0.0023250579833984375,339.25,,inf,,inf,
2800.0,[10.5390625],[3.330078125],3.537109375,,,,,0.7586805820465088,0.7586805820465088,0.24103009700775146,0.24103009700775146,0.0022716522216796875,0.0022716522216796875,670.0,,inf,,inf,
2900.0,[10.5546875],[2.767578125],2.6796875,,,,,0.6592261791229248,0.6592261791229248,0.3407738208770752,0.3407738208770752,0.0026035308837890625,0.0026035308837890625,257.25,,inf,,inf,
3000.0,[8.7578125],[2.8671875],3.162109375,,,,,0.7253023982048035,0.7253023982048035,0.2744455635547638,0.2744455635547638,0.0024280548095703125,0.0024280548095703125,inf,,inf,,inf,
3200.0,[10.359375],[3.611328125],3.775390625,,,,,0.7956414222717285,0.7956414222717285,0.2043585479259491,0.2043585479259491,0.002109527587890625,0.002109527587890625,477.25,,inf,,inf,
3300.0,[8.4375],[3.84765625],3.3984375,,,,,0.6975446343421936,0.6975446343421936,0.302641361951828,0.302641361951828,0.0023784637451171875,0.0023784637451171875,172.25,,inf,,inf,
3600.0,[9.8671875],[2.79296875],3.0625,,,,,0.7436023354530334,0.7436023354530334,0.25664371252059937,0.25664371252059937,0.0023593902587890625,0.0023593902587890625,301.5,,inf,,inf,
3800.0,[9.59375],[3.3203125],3.3203125,,,,,0.768324613571167,0.768324613571167,0.2313481718301773,0.2313481718301773,0.002193450927734375,0.002193450927734375,527.0,,inf,,inf,
3900.0,[10.4140625],[3.185546875],3.515625,,,,,0.7490000128746033,0.7490000128746033,0.25075000524520874,0.25075000524520874,0.0023021697998046875,0.0023021697998046875,326.25,,inf,,inf,
4000.0,[10.8125],[3.462890625],3.70703125,,,,,0.7572314143180847,0.7572314143180847,0.24289773404598236,0.24289773404598236,0.00225830078125,0.00225830078125,inf,,inf,,inf,
4100.0,[10.625],[3.345703125],3.58203125,,,,,0.7827034592628479,0.7827034592628479,0.2174782007932663,0.2174782007932663,0.002166748046875,0.002166748046875,197.0,,inf,,inf,
4200.0,[9.3046875],[3.45703125],3.66015625,,,,,0.75830078125,0.75830078125,0.24169921875,0.24169921875,0.0022430419921875,0.0022430419921875,375.0,,inf,,inf,
4400.0,[9.9453125],[3.7734375],3.599609375,,,,,0.796875,0.796875,0.2029474377632141,0.2029474377632141,0.00196075439453125,0.00196075439453125,532.5,,inf,,inf,
4500.0,[8.8046875],[3.283203125],3.40234375,,,,,0.7973345518112183,0.7973345518112183,0.2027803361415863,0.2027803361415863,0.002094268798828125,0.002094268798828125,inf,,inf,,inf,
4700.0,[10.09375],[3.494140625],3.6953125,,,,,0.7783148884773254,0.7783148884773254,0.22185774147510529,0.22185774147510529,0.002162933349609375,0.002162933349609375,561.5,,inf,,inf,
4800.0,[10.1171875],[2.73828125],2.998046875,,,,,0.6898885369300842,0.6898885369300842,0.31011146306991577,0.31011146306991577,0.002628326416015625,0.002628326416015625,363.75,,inf,,inf,
4900.0,[11.2578125],[2.677734375],2.552734375,,,,,0.6536815166473389,0.6536815166473389,0.3461044430732727,0.3461044430732727,0.002655029296875,0.002655029296875,322.75,,inf,,inf,
5100.0,[8.4921875],[3.55859375],3.76953125,,,,,0.7762500047683716,0.7762500047683716,0.2239583283662796,0.2239583283662796,0.0021114349365234375,0.0021114349365234375,177.375,,inf,,inf,
5200.0,[10.3984375],[3.599609375],3.79296875,,,,,0.7782608866691589,0.7782608866691589,0.22160325944423676,0.22160325944423676,0.0022029876708984375,0.0022029876708984375,inf,,inf,,inf,
5400.0,[11.5234375],[2.740234375],2.7265625,,,,,0.65625,0.65625,0.34397006034851074,0.34397006034851074,0.0026760101318359375,0.0026760101318359375,322.5,,inf,,inf,
5500.0,[9.9140625],[3.6796875],4.17578125,,,,,0.8161231875419617,0.8161231875419617,0.18365035951137543,0.18365035951137543,0.0020503997802734375,0.0020503997802734375,459.75,,inf,,inf,
5600.0,[9.890625],[3.49609375],3.638671875,,,,,0.744601309299469,0.744601309299469,0.25519102811813354,0.25519102811813354,0.0023365020751953125,0.0023365020751953125,999.0,,inf,,inf,
5700.0,[10.8515625],[3.408203125],3.6640625,,,,,0.7890855669975281,0.7890855669975281,0.21073009073734283,0.21073009073734283,0.0021381378173828125,0.0021381378173828125,1149.0,,inf,,inf,
5800.0,[9.40625],[3.79296875],3.73828125,,,,,0.778515636920929,0.778515636920929,0.2216796875,0.2216796875,0.0021076202392578125,0.0021076202392578125,187.25,,inf,,inf,
5900.0,[9.59375],[3.22265625],3.330078125,,,,,0.7404631972312927,0.7404631972312927,0.2593664824962616,0.2593664824962616,0.0023021697998046875,0.0023021697998046875,inf,,inf,,inf,
6000.0,[10.4453125],[2.9140625],2.96484375,,,,,0.6984127163887024,0.6984127163887024,0.3018353283405304,0.3018353283405304,0.002483367919921875,0.002483367919921875,inf,,inf,,inf,
6400.0,[8.7734375],[3.640625],3.51953125,,,,,0.7456647157669067,0.7456647157669067,0.2545158863067627,0.2545158863067627,0.0021800994873046875,0.0021800994873046875,495.25,,inf,,inf,
6500.0,[9.4453125],[4.1640625],4.69921875,,,,,0.8592342138290405,0.8592342138290405,0.14104729890823364,0.14104729890823364,0.0017633438110351562,0.0017633438110351562,401.5,,inf,,inf,
6600.0,[9.5390625],[3.46875],3.548828125,,,,,0.7850000262260437,0.7850000262260437,0.21482142806053162,0.21482142806053162,0.002124786376953125,0.002124786376953125,527.5,,inf,,inf,
7000.0,[9.359375],[3.423828125],3.458984375,,,,,0.7854803204536438,0.7854803204536438,0.2145196497440338,0.2145196497440338,0.002105712890625,0.002105712890625,674.5,,inf,,inf,
7200.0,[9.9375],[2.517578125],3.216796875,,,,,0.6454831957817078,0.6454831957817078,0.35451680421829224,0.35451680421829224,0.0027751922607421875,0.0027751922607421875,inf,,inf,,inf,
7400.0,[10.7421875],[3.3515625],3.43359375,,,,,0.7524131536483765,0.7524131536483765,0.24734556674957275,0.24734556674957275,0.0022678375244140625,0.0022678375244140625,815.0,,inf,,inf,
7500.0,[9.703125],[3.1484375],3.24609375,,,,,0.7650375962257385,0.7650375962257385,0.23519736528396606,0.23519736528396606,0.002201080322265625,0.002201080322265625,349.25,,inf,,inf,
7600.0,[10.984375],[3.193359375],3.365234375,,,,,0.7658514380455017,0.7658514380455017,0.2341485470533371,0.2341485470533371,0.0022945404052734375,0.0022945404052734375,inf,,inf,,inf,
7800.0,[11.390625],[3.205078125],3.658203125,,,,,0.7075757384300232,0.7075757384300232,0.2926136255264282,0.2926136255264282,0.0024890899658203125,0.0024890899658203125,538.0,,inf,,inf,
7900.0,[9.859375],[3.0703125],2.939453125,,,,,0.7262499928474426,0.7262499928474426,0.2737500071525574,0.2737500071525574,0.002349853515625,0.002349853515625,357.0,,inf,,inf,
8100.0,[9.9609375],[2.298828125],2.30859375,,,,,0.5809128880500793,0.5809128880500793,0.4188278019428253,0.4188278019428253,0.0029468536376953125,0.0029468536376953125,1020.0,,inf,,inf,
8300.0,[9.5625],[2.984375],3.119140625,,,,,0.6975524425506592,0.6975524425506592,0.3024475574493408,0.3024475574493408,0.0024585723876953125,0.0024585723876953125,337.75,,inf,,inf,
8500.0,[9.90625],[3.236328125],3.76171875,,,,,0.739386796951294,0.739386796951294,0.26061320304870605,0.26061320304870605,0.0023441314697265625,0.0023441314697265625,312.0,,inf,,inf,
8600.0,[10.3046875],[2.990234375],3.1953125,,,,,0.6838942170143127,0.6838942170143127,0.31610578298568726,0.31610578298568726,0.0025386810302734375,0.0025386810302734375,180.125,,inf,,inf,
8700.0,[9.5390625],[3.361328125],3.185546875,,,,,0.7618343234062195,0.7618343234062195,0.23816567659378052,0.23816567659378052,0.002162933349609375,0.002162933349609375,437.25,,inf,,inf,
8800.0,[9.6484375],[3.02734375],3.1484375,,,,,0.6854838728904724,0.6854838728904724,0.31426411867141724,0.31426411867141724,0.0025005340576171875,0.0025005340576171875,697.5,,inf,,inf,
8900.0,[9.4921875],[3.587890625],3.662109375,,,,,0.7451612949371338,0.7451612949371338,0.25463709235191345,0.25463709235191345,0.0022792816162109375,0.0022792816162109375,1044.0,,inf,,inf,
9100.0,[11.59375],[3.21875],3.640625,,,,,0.7338235378265381,0.7338235378265381,0.2659926414489746,0.2659926414489746,0.00246429443359375,0.00246429443359375,228.25,,inf,,inf,
9500.0,[9.78125],[3.6015625],3.6484375,,,,,0.7836538553237915,0.7836538553237915,0.21646635234355927,0.21646635234355927,0.0021991729736328125,0.0021991729736328125,386.5,,inf,,inf,
9700.0,[9.984375],[3.87109375],4.140625,,,,,0.8108870983123779,0.8108870983123779,0.1890120953321457,0.1890120953321457,0.0020198822021484375,0.0020198822021484375,1181.0,,inf,,inf,
9800.0,[8.15625],[2.26171875],2.341796875,,,,,0.6110668778419495,0.6110668778419495,0.38893312215805054,0.38893312215805054,0.0027866363525390625,0.0027866363525390625,307.75,,inf,,inf,
9900.0,[10.3359375],[2.953125],2.919921875,,,,,0.6958874464035034,0.6958874464035034,0.30438312888145447,0.30438312888145447,0.0024738311767578125,0.0024738311767578125,inf,,inf,,inf,
10100.0,[10.15625],[3.521484375],3.61328125,,,,,0.8090277910232544,0.8090277910232544,0.19111689925193787,0.19111689925193787,0.00201416015625,0.00201416015625,307.0,,inf,,inf,
10400.0,[9.578125],[3.91015625],3.998046875,,,,,0.8044354915618896,0.8044354915618896,0.19556452333927155,0.19556452333927155,0.0019445419311523438,0.0019445419311523438,289.5,,inf,,inf,
10500.0,[8.1484375],[2.521484375],2.802734375,,,,,0.6612903475761414,0.6612903475761414,0.3389616906642914,0.3389616906642914,0.0026645660400390625,0.0026645660400390625,248.375,,inf,,inf,
10600.0,[10.296875],[3.166015625],3.560546875,,,,,0.75,0.75,0.2498372346162796,0.2498372346162796,0.0023670196533203125,0.0023670196533203125,inf,,inf,,inf,
10700.0,[10.8203125],[3.7265625],4.05078125,,,,,0.75,0.75,0.2502029240131378,0.2502029240131378,0.0022678375244140625,0.0022678375244140625,518.0,,inf,,inf,
10900.0,[9.8984375],[3.302734375],3.248046875,,,,,0.7476503849029541,0.7476503849029541,0.2523496150970459,0.2523496150970459,0.0022335052490234375,0.0022335052490234375,inf,,inf,,inf,
11200.0,[11.0390625],[3.017578125],2.76171875,,,,,0.6808739304542542,0.6808739304542542,0.31912606954574585,0.31912606954574585,0.002483367919921875,0.002483367919921875,inf,,inf,,inf,
11300.0,[9.6484375],[3.4296875],3.837890625,,,,,0.798115074634552,0.798115074634552,0.2017609179019928,0.2017609179019928,0.0021228790283203125,0.0021228790283203125,389.0,,inf,,inf,
11400.0,[9.609375],[4.2265625],4.40234375,,,,,0.8533653616905212,0.8533653616905212,0.14633414149284363,0.14633414149284363,0.0017633438110351562,0.0017633438110351562,255.0,,inf,,inf,
11500.0,[9.3203125],[3.890625],4.08984375,,,,,0.8661971688270569,0.8661971688270569,0.13402289152145386,0.13402289152145386,0.001796722412109375,0.001796722412109375,764.0,,inf,,inf,
11600.0,[10.8515625],[2.890625],2.9296875,,,,,0.6829836964607239,0.6829836964607239,0.3173076808452606,0.3173076808452606,0.0025463104248046875,0.0025463104248046875,inf,,inf,,inf,
11700.0,[10.3984375],[3.126953125],3.451171875,,,,,0.7239583134651184,0.7239583134651184,0.2760416567325592,0.2760416567325592,0.0023937225341796875,0.0023937225341796875,inf,,inf,,inf,
11800.0,[10.21875],[3.703125],4.546875,,,,,0.8037499785423279,0.8037499785423279,0.19640624523162842,0.19640624523162842,0.0021266937255859375,0.0021266937255859375,128.5,,inf,,inf,
12100.0,[8.640625],[2.150390625],2.158203125,,,,,0.5843595862388611,0.5843595862388611,0.41533252596855164,0.41533252596855164,0.002918243408203125,0.002918243408203125,806.0,,inf,,inf,
12200.0,[9.2421875],[3.2265625],3.615234375,,,,,0.7538265585899353,0.7538265585899353,0.24617347121238708,0.24617347121238708,0.0023174285888671875,0.0023174285888671875,608.0,,inf,,inf,
12300.0,[9.6328125],[4.3203125],4.609375,,,,,0.8499053120613098,0.8499053120613098,0.1502130627632141,0.1502130627632141,0.00189971923828125,0.00189971923828125,195.375,,inf,,inf,
12400.0,[11.046875],[3.353515625],3.91796875,,,,,0.7629716992378235,0.7629716992378235,0.2370283007621765,0.2370283007621765,0.002262115478515625,0.002262115478515625,779.5,,inf,,inf,
12500.0,[10.296875],[3.4765625],3.96484375,,,,,0.7979910969734192,0.7979910969734192,0.2021484375,0.2021484375,0.0021572113037109375,0.0021572113037109375,337.5,,inf,,inf,
12600.0,[10.9140625],[3.111328125],3.3828125,,,,,0.7078853249549866,0.7078853249549866,0.29233869910240173,0.29233869910240173,0.0024738311767578125,0.0024738311767578125,inf,,inf,,inf,
12700.0,[8.890625],[3.310546875],3.326171875,,,,,0.7574999928474426,0.7574999928474426,0.24262499809265137,0.24262499809265137,0.0022029876708984375,0.0022029876708984375,323.5,,inf,,inf,
12800.0,[8.65625],[2.623046875],2.57421875,,,,,0.6764705777168274,0.6764705777168274,0.32332515716552734,0.32332515716552734,0.002559661865234375,0.002559661865234375,inf,,inf,,inf,
13000.0,[11.265625],[3.201171875],3.30078125,,,,,0.7143429517745972,0.7143429517745972,0.28565704822540283,0.28565704822540283,0.0024051666259765625,0.0024051666259765625,411.25,,inf,,inf,
13100.0,[9.390625],[4.25],4.234375,,,,,0.8221830725669861,0.8221830725669861,0.1776701807975769,0.1776701807975769,0.0018587112426757812,0.0018587112426757812,784.0,,inf,,inf,
13200.0,[9.1875],[3.890625],3.7421875,,,,,0.8137931227684021,0.8137931227684021,0.1864224076271057,0.1864224076271057,0.0019283294677734375,0.0019283294677734375,990.0,,inf,,inf,
13300.0,[9.703125],[3.115234375],2.884765625,,,,,0.7169894576072693,0.7169894576072693,0.2830105721950531,0.2830105721950531,0.0024013519287109375,0.0024013519287109375,330.5,,inf,,inf,
13500.0,[11.5625],[3.39453125],3.638671875,,,,,0.762635350227356,0.762635350227356,0.23736461997032166,0.23736461997032166,0.0022754669189453125,0.0022754669189453125,916.5,,inf,,inf,
13600.0,[9.9375],[4.03125],4.41015625,,,,,0.8198275566101074,0.8198275566101074,0.18006464838981628,0.18006464838981628,0.0019178390502929688,0.0019178390502929688,524.5,,inf,,inf,
13900.0,[9.1640625],[3.79296875],4.1640625,,,,,0.8165983557701111,0.8165983557701111,0.18352971971035004,0.18352971971035004,0.001934051513671875,0.001934051513671875,191.25,,inf,,inf,
14000.0,[10.1953125],[3.158203125],3.01171875,,,,,0.6998966932296753,0.6998966932296753,0.3001033067703247,0.3001033067703247,0.002361297607421875,0.002361297607421875,254.625,,inf,,inf,
14100.0,[10.109375],[3.4765625],3.59375,,,,,0.7819767594337463,0.7819767594337463,0.21802325546741486,0.21802325546741486,0.00209808349609375,0.00209808349609375,523.0,,inf,,inf,
14200.0,[8.4921875],[3.9453125],4.39453125,,,,,0.7884114384651184,0.7884114384651184,0.2117512971162796,0.2117512971162796,0.0019931793212890625,0.0019931793212890625,26.9375,,36.03125,,28.71875,
14300.0,[9.796875],[3.37109375],3.87890625,,,,,0.7582465410232544,0.7582465410232544,0.2419704794883728,0.2419704794883728,0.0024738311767578125,0.0024738311767578125,inf,,inf,,inf,
14400.0,[9.4375],[3.185546875],3.546875,,,,,0.8075181245803833,0.8075181245803833,0.1924818903207779,0.1924818903207779,0.00213623046875,0.00213623046875,151.5,,431.75,,inf,
14500.0,[10.109375],[3.28125],3.30859375,,,,,0.7570512890815735,0.7570512890815735,0.2429487109184265,0.2429487109184265,0.0023136138916015625,0.0023136138916015625,inf,,inf,,inf,
14600.0,[10.2421875],[3.373046875],3.658203125,,,,,0.760869562625885,0.760869562625885,0.239130437374115,0.239130437374115,0.0022716522216796875,0.0022716522216796875,inf,,inf,,inf,
14700.0,[9.09375],[3.318359375],3.923828125,,,,,0.7997159361839294,0.7997159361839294,0.20010653138160706,0.20010653138160706,0.002231597900390625,0.002231597900390625,248.0,,inf,,inf,
14800.0,[10.96875],[2.962890625],3.26953125,,,,,0.7175324559211731,0.7175324559211731,0.28214284777641296,0.28214284777641296,0.0024566650390625,0.0024566650390625,1200.0,,inf,,inf,
14900.0,[10.8203125],[2.888671875],3.060546875,,,,,0.678947389125824,0.678947389125824,0.3210526406764984,0.3210526406764984,0.002513885498046875,0.002513885498046875,230.625,,inf,,inf,
15000.0,[8.3359375],[3.5546875],4.4296875,,,,,0.8427419066429138,0.8427419066429138,0.1572580635547638,0.1572580635547638,0.0021228790283203125,0.0021228790283203125,58.1875,,75.9375,,82.375,
15400.0,[8.8203125],[3.873046875],4.28515625,,,,,0.8177340030670166,0.8177340030670166,0.18211206793785095,0.18211206793785095,0.0019969940185546875,0.0019969940185546875,775.5,,inf,,inf,
15500.0,[9.75],[3.5546875],3.6015625,,,,,0.7682926654815674,0.7682926654815674,0.23170731961727142,0.23170731961727142,0.00215911865234375,0.00215911865234375,1371.0,,inf,,inf,
15700.0,[9.9609375],[3.62109375],4.05078125,,,,,0.7659883499145508,0.7659883499145508,0.23364825546741486,0.23364825546741486,0.0021800994873046875,0.0021800994873046875,589.0,,inf,,inf,
15800.0,[8.6484375],[2.537109375],2.572265625,,,,,0.6373106241226196,0.6373106241226196,0.36268940567970276,0.36268940567970276,0.002689361572265625,0.002689361572265625,287.5,,inf,,inf,
15900.0,[8.8125],[2.94921875],2.876953125,,,,,0.6631944179534912,0.6631944179534912,0.33651620149612427,0.33651620149612427,0.0025997161865234375,0.0025997161865234375,513.0,,inf,,inf,
16000.0,[10.2578125],[3.515625],3.77734375,,,,,0.7703900933265686,0.7703900933265686,0.22960993647575378,0.22960993647575378,0.002216339111328125,0.002216339111328125,442.0,,inf,,inf,
16300.0,[10.203125],[3.791015625],3.984375,,,,,0.787224292755127,0.787224292755127,0.212890625,0.212890625,0.002147674560546875,0.002147674560546875,443.25,,inf,,inf,
16400.0,[9.7890625],[3.48828125],3.572265625,,,,,0.7378318309783936,0.7378318309783936,0.26216813921928406,0.26216813921928406,0.0023021697998046875,0.0023021697998046875,311.25,,inf,,inf,
16600.0,[10.6015625],[3.546875],3.470703125,,,,,0.7661764621734619,0.7661764621734619,0.2338235229253769,0.2338235229253769,0.0021152496337890625,0.0021152496337890625,496.75,,inf,,inf,
16700.0,[9.9140625],[3.75],4.1796875,,,,,0.7784482836723328,0.7784482836723328,0.22155173122882843,0.22155173122882843,0.0021915435791015625,0.0021915435791015625,inf,,inf,,inf,
16800.0,[9.140625],[3.982421875],3.892578125,,,,,0.7929487228393555,0.7929487228393555,0.2068910300731659,0.2068910300731659,0.002017974853515625,0.002017974853515625,637.0,,inf,,inf,
17200.0,[11.171875],[3.09765625],3.091796875,,,,,0.6669884324073792,0.6669884324073792,0.3327702581882477,0.3327702581882477,0.0025196075439453125,0.0025196075439453125,716.0,,inf,,inf,
17400.0,[10.890625],[3.23828125],3.41796875,,,,,0.7681962251663208,0.7681962251663208,0.2318038046360016,0.2318038046360016,0.0022735595703125,0.0022735595703125,432.0,,inf,,inf,
17500.0,[10.0078125],[3.703125],3.703125,,,,,0.815664529800415,0.815664529800415,0.18473100662231445,0.18473100662231445,0.0019273757934570312,0.0019273757934570312,209.375,,512.0,,571.5,
17600.0,[8.703125],[3.5],3.611328125,,,,,0.7903439402580261,0.7903439402580261,0.20965608954429626,0.20965608954429626,0.0020904541015625,0.0020904541015625,626.0,,inf,,inf,
17900.0,[11.140625],[2.806640625],2.8125,,,,,0.6668046116828918,0.6668046116828918,0.3329884111881256,0.3329884111881256,0.0025539398193359375,0.0025539398193359375,352.25,,inf,,inf,
18000.0,[10.1015625],[3.251953125],3.43359375,,,,,0.7738487124443054,0.7738487124443054,0.22615131735801697,0.22615131735801697,0.00218963623046875,0.00218963623046875,445.25,,inf,,inf,
18200.0,[9.578125],[3.3203125],3.0,,,,,0.7368749976158142,0.7368749976158142,0.2631250023841858,0.2631250023841858,0.002223968505859375,0.002223968505859375,501.0,,inf,,inf,
18300.0,[10.578125],[3.599609375],3.65234375,,,,,0.7386810779571533,0.7386810779571533,0.2613188922405243,0.2613188922405243,0.0022487640380859375,0.0022487640380859375,359.5,,inf,,inf,
18400.0,[10.078125],[3.2734375],3.62890625,,,,,0.7764550447463989,0.7764550447463989,0.22337962687015533,0.22337962687015533,0.00225830078125,0.00225830078125,inf,,inf,,inf,
18500.0,[10.9609375],[2.736328125],3.25390625,,,,,0.7146739363670349,0.7146739363670349,0.2853260934352875,0.2853260934352875,0.0025539398193359375,0.0025539398193359375,140.625,,inf,,inf,
18700.0,[9.25],[3.021484375],2.966796875,,,,,0.7145161032676697,0.7145161032676697,0.2852822542190552,0.2852822542190552,0.002399444580078125,0.002399444580078125,853.0,,inf,,inf,
18800.0,[9.953125],[3.451171875],3.91796875,,,,,0.7697010636329651,0.7697010636329651,0.23046875,0.23046875,0.002223968505859375,0.002223968505859375,inf,,inf,,inf,
18900.0,[8.2890625],[3.25],3.166015625,,,,,0.765070915222168,0.765070915222168,0.23492908477783203,0.23492908477783203,0.002109527587890625,0.002109527587890625,339.75,,inf,,inf,
19000.0,[9.7734375],[3.07421875],3.138671875,,,,,0.7303571701049805,0.7303571701049805,0.269345223903656,0.269345223903656,0.002353668212890625,0.002353668212890625,579.0,,inf,,inf,
19100.0,[9.0078125],[2.875],3.005859375,,,,,0.6953125,0.6953125,0.3046875,0.3046875,0.002635955810546875,0.002635955810546875,64.5625,,229.25,,inf,
19200.0,[9.4765625],[3.935546875],4.13671875,,,,,0.8599330186843872,0.8599330186843872,0.1402064710855484,0.1402064710855484,0.0017185211181640625,0.0017185211181640625,344.5,,813.0,,inf,
19300.0,[10.3046875],[3.10546875],2.95703125,,,,,0.7085280418395996,0.7085280418395996,0.2916179895401001,0.2916179895401001,0.0023708343505859375,0.0023708343505859375,1178.0,,inf,,inf,
19400.0,[10.890625],[2.6796875],2.65234375,,,,,0.6661585569381714,0.6661585569381714,0.3336509168148041,0.3336509168148041,0.0026092529296875,0.0026092529296875,365.0,,inf,,inf,
19500.0,[9.6796875],[3.412109375],3.5390625,,,,,0.7222825884819031,0.7222825884819031,0.27744564414024353,0.27744564414024353,0.002361297607421875,0.002361297607421875,344.25,,inf,,inf,
19600.0,[9.390625],[4.2265625],4.546875,,,,,0.845643937587738,0.845643937587738,0.1541193127632141,0.1541193127632141,0.0018901824951171875,0.0018901824951171875,452.0,,inf,,inf,
19800.0,[9.1484375],[3.755859375],3.482421875,,,,,0.8081250190734863,0.8081250190734863,0.19187499582767487,0.19187499582767487,0.0019254684448242188,0.0019254684448242188,104.6875,,244.25,,inf,
20000.0,[9.0703125],[3.779296875],4.00390625,,,,,0.7936422228813171,0.7936422228813171,0.20649245381355286,0.20649245381355286,0.0019702911376953125,0.0019702911376953125,30.640625,,86.25,,inf,
20100.0,[9.09375],[3.75390625],3.65234375,,,,,0.804741382598877,0.804741382598877,0.19547413289546967,0.19547413289546967,0.0020046234130859375,0.0020046234130859375,457.0,,inf,,inf,
20300.0,[10.5390625],[3.033203125],3.009765625,,,,,0.7317708134651184,0.7317708134651184,0.26806640625,0.26806640625,0.00238037109375,0.00238037109375,209.875,,inf,,inf,
20400.0,[9.5703125],[4.078125],4.78125,,,,,0.8301630616188049,0.8301630616188049,0.16966712474822998,0.16966712474822998,0.0020809173583984375,0.0020809173583984375,14.640625,,13.7421875,,16.640625,
20600.0,[10.1015625],[3.716796875],3.947265625,,,,,0.7623188495635986,0.7623188495635986,0.23804347217082977,0.23804347217082977,0.002185821533203125,0.002185821533203125,1252.0,,inf,,inf,
20800.0,[10.15625],[3.0],2.787109375,,,,,0.7172378897666931,0.7172378897666931,0.2827621102333069,0.2827621102333069,0.002376556396484375,0.002376556396484375,261.25,,inf,,inf,
20900.0,[9.0703125],[3.802734375],4.00390625,,,,,0.8148364424705505,0.8148364424705505,0.18530957400798798,0.18530957400798798,0.001949310302734375,0.001949310302734375,350.5,,740.0,,inf,
21000.0,[10.296875],[3.611328125],4.35546875,,,,,0.7950211763381958,0.7950211763381958,0.20471398532390594,0.20471398532390594,0.002231597900390625,0.002231597900390625,174.75,,inf,,inf,
21100.0,[10.84375],[3.6640625],3.865234375,,,,,0.7509505748748779,0.7509505748748779,0.2488117814064026,0.2488117814064026,0.0022487640380859375,0.0022487640380859375,916.0,,inf,,inf,
21200.0,[9.890625],[3.12890625],3.373046875,,,,,0.7257617712020874,0.7257617712020874,0.2742382287979126,0.2742382287979126,0.00238800048828125,0.00238800048828125,inf,,inf,,inf,
21300.0,[11.6328125],[3.005859375],2.88671875,,,,,0.6949257254600525,0.6949257254600525,0.30476483702659607,0.30476483702659607,0.002460479736328125,0.002460479736328125,493.5,,inf,,inf,
21400.0,[10.5625],[3.359375],3.541015625,,,,,0.7876016497612,0.7876016497612,0.21214431524276733,0.21214431524276733,0.0021820068359375,0.0021820068359375,339.5,,inf,,inf,
21500.0,[9.515625],[3.60546875],4.015625,,,,,0.7598892450332642,0.7598892450332642,0.24011075496673584,0.24011075496673584,0.002288818359375,0.002288818359375,inf,,inf,,inf,
21600.0,[10.046875],[3.267578125],3.205078125,,,,,0.7405575513839722,0.7405575513839722,0.25944244861602783,0.25944244861602783,0.002254486083984375,0.002254486083984375,inf,,inf,,inf,
21900.0,[10.6015625],[3.38671875],3.78515625,,,,,0.7659198045730591,0.7659198045730591,0.234375,0.234375,0.0022754669189453125,0.0022754669189453125,102.4375,,inf,,inf,
22000.0,[9.6875],[3.447265625],3.533203125,,,,,0.7306763529777527,0.7306763529777527,0.2693236768245697,0.2693236768245697,0.0023212432861328125,0.0023212432861328125,659.5,,inf,,inf,
22100.0,[9.921875],[3.607421875],3.544921875,,,,,0.822604775428772,0.822604775428772,0.17767590284347534,0.17767590284347534,0.0019044876098632812,0.0019044876098632812,519.0,,inf,,inf,
22200.0,[9.859375],[3.171875],3.28125,,,,,0.7342057824134827,0.7342057824134827,0.26579421758651733,0.26579421758651733,0.0023326873779296875,0.0023326873779296875,840.5,,inf,,inf,
22400.0,[9.0078125],[2.654296875],2.728515625,,,,,0.7217105031013489,0.7217105031013489,0.2784539461135864,0.2784539461135864,0.002483367919921875,0.002483367919921875,197.0,,inf,,inf,
22600.0,[7.125],[4.015625],4.3046875,,,,,0.7806919813156128,0.7806919813156128,0.2193080335855484,0.2193080335855484,0.0021305084228515625,0.0021305084228515625,28.9375,,50.53125,,57.125,
22700.0,[10.2109375],[3.634765625],3.376953125,,,,,0.7544963955879211,0.7544963955879211,0.24550360441207886,0.24550360441207886,0.00218963623046875,0.00218963623046875,inf,,inf,,inf,
22800.0,[9.5],[3.34375],3.55078125,,,,,0.8268518447875977,0.8268518447875977,0.17303240299224854,0.17303240299224854,0.002017974853515625,0.002017974853515625,391.25,,inf,,inf,
23000.0,[11.6015625],[3.333984375],3.828125,,,,,0.7522810101509094,0.7522810101509094,0.2479470819234848,0.2479470819234848,0.0022869110107421875,0.0022869110107421875,442.5,,inf,,inf,
23200.0,[10.640625],[3.734375],4.015625,,,,,0.7761130332946777,0.7761130332946777,0.22388698160648346,0.22388698160648346,0.002197265625,0.002197265625,512.0,,inf,,inf,
23300.0,[10.015625],[2.90625],2.79296875,,,,,0.6953125,0.6953125,0.3049045205116272,0.3049045205116272,0.002559661865234375,0.002559661865234375,136.0,,inf,,inf,
23400.0,[11.421875],[3.275390625],3.392578125,,,,,0.7666139006614685,0.7666139006614685,0.23358386754989624,0.23358386754989624,0.0022335052490234375,0.0022335052490234375,986.0,,inf,,inf,
23600.0,[9.9921875],[3.89453125],4.2265625,,,,,0.8034682273864746,0.8034682273864746,0.1967124342918396,0.1967124342918396,0.0020046234130859375,0.0020046234130859375,610.0,,inf,,inf,
23900.0,[10.6640625],[2.736328125],2.671875,,,,,0.6787280440330505,0.6787280440330505,0.3214546740055084,0.3214546740055084,0.002574920654296875,0.002574920654296875,380.0,,inf,,inf,
24000.0,[9.84375],[3.091796875],3.380859375,,,,,0.703667938709259,0.703667938709259,0.2963320314884186,0.2963320314884186,0.00250244140625,0.00250244140625,786.0,,inf,,inf,
24100.0,[11.1015625],[2.994140625],2.8515625,,,,,0.7009668350219727,0.7009668350219727,0.29920580983161926,0.29920580983161926,0.00244903564453125,0.00244903564453125,926.5,,inf,,inf,
24200.0,[9.421875],[3.0625],3.24609375,,,,,0.7562500238418579,0.7562500238418579,0.24394531548023224,0.24394531548023224,0.002208709716796875,0.002208709716796875,inf,,inf,,inf,
24400.0,[9.84375],[2.966796875],3.25390625,,,,,0.6910860538482666,0.6910860538482666,0.3089139461517334,0.3089139461517334,0.002559661865234375,0.002559661865234375,313.0,,inf,,inf,
24500.0,[11.0390625],[2.876953125],3.25,,,,,0.6988636255264282,0.6988636255264282,0.3012941777706146,0.3012941777706146,0.0025806427001953125,0.0025806427001953125,inf,,inf,,inf,
24700.0,[9.8984375],[3.224609375],3.21484375,,,,,0.7820377945899963,0.7820377945899963,0.21809348464012146,0.21809348464012146,0.0021190643310546875,0.0021190643310546875,695.0,,inf,,inf,
24800.0,[10.6640625],[2.681640625],2.578125,,,,,0.6652097702026367,0.6652097702026367,0.3347901999950409,0.3347901999950409,0.0025920867919921875,0.0025920867919921875,621.0,,inf,,inf,
25000.0,[9.7734375],[2.8125],2.755859375,,,,,0.682467520236969,0.682467520236969,0.3176948130130768,0.3176948130130768,0.00252532958984375,0.00252532958984375,948.5,,inf,,inf,
25200.0,[9.84375],[3.56640625],3.845703125,,,,,0.732421875,0.732421875,0.267578125,0.267578125,0.0023288726806640625,0.0023288726806640625,423.0,,inf,,inf,
25300.0,[10.5234375],[3.353515625],3.111328125,,,,,0.6943181753158569,0.6943181753158569,0.3059659004211426,0.3059659004211426,0.0023822784423828125,0.0023822784423828125,249.5,,inf,,inf,
25600.0,[10.265625],[3.103515625],3.0546875,,,,,0.7296006679534912,0.7296006679534912,0.2706163227558136,0.2706163227558136,0.0023250579833984375,0.0023250579833984375,147.75,,inf,,inf,
25800.0,[10.4609375],[3.537109375],3.578125,,,,,0.7924528121948242,0.7924528121948242,0.20784197747707367,0.20784197747707367,0.0021114349365234375,0.0021114349365234375,114.4375,,inf,,inf,
25900.0,[8.328125],[3.271484375],3.294921875,,,,,0.7629533410072327,0.7629533410072327,0.2372085452079773,0.2372085452079773,0.00217437744140625,0.00217437744140625,inf,,1213.0,,inf,
26200.0,[10.5546875],[3.142578125],3.140625,,,,,0.6961633563041687,0.6961633563041687,0.3039913475513458,0.3039913475513458,0.002437591552734375,0.002437591552734375,524.5,,inf,,inf,
26400.0,[9.1171875],[3.888671875],3.919921875,,,,,0.8017045259475708,0.8017045259475708,0.19843749701976776,0.19843749701976776,0.001979827880859375,0.001979827880859375,768.0,,inf,,inf,
26600.0,[7.85546875],[2.14453125],2.3125,,,,,0.606225311756134,0.606225311756134,0.39352765679359436,0.39352765679359436,0.00284576416015625,0.00284576416015625,468.5,,inf,,inf,
26700.0,[11.484375],[2.853515625],3.4375,,,,,0.7228084206581116,0.7228084206581116,0.2769886255264282,0.2769886255264282,0.002460479736328125,0.002460479736328125,195.0,,inf,,inf,
26900.0,[9.921875],[3.171875],3.416015625,,,,,0.7156791687011719,0.7156791687011719,0.28450143337249756,0.28450143337249756,0.0024166107177734375,0.0024166107177734375,516.5,,inf,,inf,
27100.0,[10.4921875],[2.880859375],2.93359375,,,,,0.6878272294998169,0.6878272294998169,0.3121727705001831,0.3121727705001831,0.0025081634521484375,0.0025081634521484375,474.75,,inf,,inf,
27200.0,[9.453125],[3.876953125],3.875,,,,,0.8189461827278137,0.8189461827278137,0.18119394779205322,0.18119394779205322,0.0019159317016601562,0.0019159317016601562,734.0,,inf,,inf,
27700.0,[9.9609375],[3.091796875],3.376953125,,,,,0.7196428775787354,0.7196428775787354,0.28035715222358704,0.28035715222358704,0.0024585723876953125,0.0024585723876953125,640.0,,inf,,inf,
27800.0,[10.84375],[3.8828125],3.884765625,,,,,0.7686966061592102,0.7686966061592102,0.2315705120563507,0.2315705120563507,0.0021800994873046875,0.0021800994873046875,366.25,,inf,,inf,
27900.0,[9.890625],[3.48046875],3.958984375,,,,,0.72826087474823,0.72826087474823,0.27173912525177,0.27173912525177,0.002376556396484375,0.002376556396484375,96.25,,226.625,,inf,
28200.0,[9.328125],[2.921875],3.41796875,,,,,0.725210964679718,0.725210964679718,0.27452531456947327,0.27452531456947327,0.0024890899658203125,0.0024890899658203125,739.5,,inf,,inf,
28300.0,[9.875],[3.27734375],3.435546875,,,,,0.7864583134651184,0.7864583134651184,0.21380208432674408,0.21380208432674408,0.00209808349609375,0.00209808349609375,inf,,inf,,inf,
28400.0,[9.6171875],[3.8671875],4.359375,,,,,0.8648256063461304,0.8648256063461304,0.13490189611911774,0.13490189611911774,0.0018939971923828125,0.0018939971923828125,291.5,,inf,,inf,
28500.0,[10.265625],[3.462890625],3.677734375,,,,,0.7704917788505554,0.7704917788505554,0.2293374389410019,0.2293374389410019,0.0021915435791015625,0.0021915435791015625,576.0,,inf,,inf,
28600.0,[10.7109375],[3.60546875],3.97265625,,,,,0.81103515625,0.81103515625,0.18896484375,0.18896484375,0.0021343231201171875,0.0021343231201171875,166.75,,inf,,inf,
28900.0,[9.546875],[3.15625],3.345703125,,,,,0.7568749785423279,0.7568749785423279,0.24296875298023224,0.24296875298023224,0.0023097991943359375,0.0023097991943359375,93.5625,,inf,,inf,
29000.0,[9.25],[3.28515625],3.462890625,,,,,0.7752347588539124,0.7752347588539124,0.22461853921413422,0.22461853921413422,0.0022449493408203125,0.0022449493408203125,inf,,inf,,inf,
29100.0,[9.8359375],[3.962890625],4.51953125,,,,,0.8269230723381042,0.8269230723381042,0.17307692766189575,0.17307692766189575,0.00197601318359375,0.00197601318359375,inf,,153.875,,163.875,
29200.0,[10.6328125],[2.37890625],2.6015625,,,,,0.6314483880996704,0.6314483880996704,0.3685515820980072,0.3685515820980072,0.0027942657470703125,0.0027942657470703125,258.75,,inf,,inf,
29300.0,[10.296875],[2.447265625],2.65234375,,,,,0.6272905468940735,0.6272905468940735,0.3727094233036041,0.3727094233036041,0.0027332305908203125,0.0027332305908203125,inf,,inf,,inf,
29700.0,[9.59375],[2.966796875],2.986328125,,,,,0.6939433217048645,0.6939433217048645,0.3062177896499634,0.3062177896499634,0.002506256103515625,0.002506256103515625,459.0,,inf,,inf,
29900.0,[8.8046875],[4.328125],4.25390625,,,,,0.8613781929016113,0.8613781929016113,0.13892227411270142,0.13892227411270142,0.0016841888427734375,0.0016841888427734375,238.75,,448.75,,478.5,
30100.0,[8.9765625],[2.65234375],2.611328125,,,,,0.6794605851173401,0.6794605851173401,0.3205394148826599,0.3205394148826599,0.002536773681640625,0.002536773681640625,562.0,,inf,,inf,
30200.0,[10.265625],[3.25390625],3.37890625,,,,,0.75,0.75,0.2497209757566452,0.2497209757566452,0.0022678375244140625,0.0022678375244140625,inf,,inf,,inf,
30300.0,[10.140625],[3.447265625],3.59375,,,,,0.7956587076187134,0.7956587076187134,0.20452843606472015,0.20452843606472015,0.002132415771484375,0.002132415771484375,504.75,,inf,,inf,
30400.0,[9.46875],[3.873046875],4.18359375,,,,,0.8159090876579285,0.8159090876579285,0.18380682170391083,0.18380682170391083,0.001983642578125,0.001983642578125,576.5,,inf,,inf,
30500.0,[10.265625],[3.255859375],3.6171875,,,,,0.8053977489471436,0.8053977489471436,0.19460226595401764,0.19460226595401764,0.0022296905517578125,0.0022296905517578125,53.125,,111.9375,,109.625,
30600.0,[9.5390625],[3.099609375],3.19921875,,,,,0.7577247023582458,0.7577247023582458,0.24245084822177887,0.24245084822177887,0.0022945404052734375,0.0022945404052734375,475.25,,inf,,inf,
30700.0,[11.5703125],[2.525390625],2.634765625,,,,,0.6232638955116272,0.6232638955116272,0.3767361044883728,0.3767361044883728,0.002777099609375,0.002777099609375,160.625,,inf,,inf,
30800.0,[9.6484375],[2.982421875],3.236328125,,,,,0.703125,0.703125,0.296875,0.296875,0.00250244140625,0.00250244140625,297.25,,inf,,inf,
30900.0,[10.9609375],[3.375],3.34375,,,,,0.7397103905677795,0.7397103905677795,0.26028963923454285,0.26028963923454285,0.0023136138916015625,0.0023136138916015625,458.75,,inf,,inf,
31200.0,[9.703125],[3.080078125],3.369140625,,,,,0.7418749928474426,0.7418749928474426,0.25828126072883606,0.25828126072883606,0.00238037109375,0.00238037109375,inf,,inf,,inf,
31400.0,[10.1796875],[3.744140625],4.09765625,,,,,0.8056192398071289,0.8056192398071289,0.19466742873191833,0.19466742873191833,0.00202178955078125,0.00202178955078125,inf,,inf,,inf,
31900.0,[10.328125],[3.775390625],4.1484375,,,,,0.8254716992378235,0.8254716992378235,0.1748231202363968,0.1748231202363968,0.00194549560546875,0.00194549560546875,131.5,,inf,,inf,
32000.0,[8.375],[3.619140625],3.7890625,,,,,0.8181250095367432,0.8181250095367432,0.18187500536441803,0.18187500536441803,0.00196075439453125,0.00196075439453125,280.75,,inf,,inf,
32300.0,[9.7265625],[2.962890625],2.8984375,,,,,0.7251275777816772,0.7251275777816772,0.27487245202064514,0.27487245202064514,0.0023517608642578125,0.0023517608642578125,501.25,,inf,,inf,
32400.0,[10.0859375],[3.28515625],3.62890625,,,,,0.7744390964508057,0.7744390964508057,0.22556090354919434,0.22556090354919434,0.0023059844970703125,0.0023059844970703125,196.625,,inf,,inf,
32600.0,[9.5703125],[3.1796875],3.40625,,,,,0.7719298005104065,0.7719298005104065,0.22807016968727112,0.22807016968727112,0.0021457672119140625,0.0021457672119140625,502.75,,inf,,inf,
32800.0,[8.390625],[2.181640625],2.08984375,,,,,0.5479323267936707,0.5479323267936707,0.45206767320632935,0.45206767320632935,0.00302886962890625,0.00302886962890625,477.25,,inf,,inf,
33100.0,[10.546875],[3.60546875],4.78125,,,,,0.836482584476471,0.836482584476471,0.16324491798877716,0.16324491798877716,0.002178192138671875,0.002178192138671875,112.375,,inf,,inf,
33200.0,[9.2421875],[3.810546875],4.171875,,,,,0.7713815569877625,0.7713815569877625,0.22848135232925415,0.22848135232925415,0.0021457672119140625,0.0021457672119140625,131.125,,inf,,inf,
33300.0,[9.5546875],[3.181640625],3.4921875,,,,,0.7524510025978088,0.7524510025978088,0.24754901230335236,0.24754901230335236,0.0023193359375,0.0023193359375,287.5,,inf,,inf,
33400.0,[9.640625],[3.009765625],3.12109375,,,,,0.7141666412353516,0.7141666412353516,0.28583332896232605,0.28583332896232605,0.0024204254150390625,0.0024204254150390625,170.875,,inf,,inf,
33500.0,[10.4765625],[2.921875],3.25390625,,,,,0.7198275923728943,0.7198275923728943,0.2801724076271057,0.2801724076271057,0.00246429443359375,0.00246429443359375,281.0,,inf,,inf,
33700.0,[10.2890625],[2.890625],3.404296875,,,,,0.6940104365348816,0.6940104365348816,0.3059895932674408,0.3059895932674408,0.0024700164794921875,0.0024700164794921875,21.75,,inf,,inf,
34100.0,[10.203125],[3.828125],4.0,,,,,0.7871900796890259,0.7871900796890259,0.21280992031097412,0.21280992031097412,0.002071380615234375,0.002071380615234375,372.75,,inf,,inf,
34400.0,[9.0625],[3.498046875],3.033203125,,,,,0.739182710647583,0.739182710647583,0.26051682233810425,0.26051682233810425,0.0022068023681640625,0.0022068023681640625,547.0,,inf,,inf,
34600.0,[10.4921875],[3.453125],3.865234375,,,,,0.7692819237709045,0.7692819237709045,0.23055186867713928,0.23055186867713928,0.002227783203125,0.002227783203125,274.75,,inf,,inf,
34700.0,[9.6328125],[4.0546875],4.19140625,,,,,0.8166243433952332,0.8166243433952332,0.18337564170360565,0.18337564170360565,0.0019273757934570312,0.0019273757934570312,704.0,,inf,,inf,
34800.0,[10.75],[3.369140625],3.171875,,,,,0.7584269642829895,0.7584269642829895,0.24139747023582458,0.24139747023582458,0.0021877288818359375,0.0021877288818359375,195.25,,inf,,inf,
34900.0,[10.3046875],[3.6171875],3.576171875,,,,,0.8014285564422607,0.8014285564422607,0.19821429252624512,0.19821429252624512,0.0020580291748046875,0.0020580291748046875,inf,,inf,,inf,
35000.0,[10.2734375],[3.041015625],3.111328125,,,,,0.7283464670181274,0.7283464670181274,0.27140748500823975,0.27140748500823975,0.002391815185546875,0.002391815185546875,731.0,,inf,,inf,
35100.0,[9.28125],[3.9296875],3.90234375,,,,,0.816919207572937,0.816919207572937,0.18292297422885895,0.18292297422885895,0.0019474029541015625,0.0019474029541015625,inf,,inf,,inf,
35500.0,[10.8828125],[3.6640625],3.95703125,,,,,0.7703251838684082,0.7703251838684082,0.2296748012304306,0.2296748012304306,0.0021820068359375,0.0021820068359375,860.5,,inf,,inf,
35600.0,[9.171875],[3.990234375],4.1171875,,,,,0.8094879388809204,0.8094879388809204,0.1907944232225418,0.1907944232225418,0.001949310302734375,0.001949310302734375,634.0,,inf,,inf,
35700.0,[9.0234375],[3.2890625],3.5625,,,,,0.7714931964874268,0.7714931964874268,0.22850678861141205,0.22850678861141205,0.0022029876708984375,0.0022029876708984375,inf,,inf,,inf,
35800.0,[9.6328125],[3.95703125],3.77734375,,,,,0.8118181824684143,0.8118181824684143,0.18829545378684998,0.18829545378684998,0.0019245147705078125,0.0019245147705078125,929.0,,inf,,inf,
35900.0,[10.1796875],[3.626953125],4.09765625,,,,,0.8087016344070435,0.8087016344070435,0.19147099554538727,0.19147099554538727,0.0020656585693359375,0.0020656585693359375,inf,,inf,,inf,
36000.0,[10.953125],[2.71484375],2.671875,,,,,0.6580356955528259,0.6580356955528259,0.3421874940395355,0.3421874940395355,0.0026073455810546875,0.0026073455810546875,300.0,,inf,,inf,
36100.0,[9.2890625],[3.84375],4.0703125,,,,,0.796875,0.796875,0.20329484343528748,0.20329484343528748,0.0020751953125,0.0020751953125,inf,,inf,,inf,
36200.0,[10.09375],[4.01953125],4.51953125,,,,,0.8331567645072937,0.8331567645072937,0.16697563230991364,0.16697563230991364,0.001922607421875,0.001922607421875,inf,,inf,,inf,
36400.0,[8.359375],[4.44140625],4.88671875,,,,,0.8670343160629272,0.8670343160629272,0.13319545984268188,0.13319545984268188,0.0017976760864257812,0.0017976760864257812,375.75,,inf,,inf,
36500.0,[8.75],[4.19140625],4.265625,,,,,0.8179348111152649,0.8179348111152649,0.1822916716337204,0.1822916716337204,0.0019741058349609375,0.0019741058349609375,189.625,,378.5,,419.25,
36700.0,[9.125],[3.568359375],3.8046875,,,,,0.806294322013855,0.806294322013855,0.19359485805034637,0.19359485805034637,0.0020599365234375,0.0020599365234375,464.5,,inf,,inf,
36800.0,[10.0390625],[4.03515625],4.390625,,,,,0.8246268630027771,0.8246268630027771,0.17548973858356476,0.17548973858356476,0.002010345458984375,0.002010345458984375,473.25,,inf,,inf,
36900.0,[6.23046875],[2.921875],3.8359375,,,,,0.8209134340286255,0.8209134340286255,0.1792367845773697,0.1792367845773697,0.0024356842041015625,0.0024356842041015625,19.0625,,25.96875,,25.578125,
37200.0,[9.890625],[2.96875],3.099609375,,,,,0.7017276287078857,0.7017276287078857,0.29852643609046936,0.29852643609046936,0.002529144287109375,0.002529144287109375,688.0,,inf,,inf,
37300.0,[10.8046875],[2.873046875],2.822265625,,,,,0.6641355156898499,0.6641355156898499,0.33615654706954956,0.33615654706954956,0.0025882720947265625,0.0025882720947265625,213.125,,inf,,inf,
37400.0,[8.421875],[3.04296875],3.20703125,,,,,0.7471330165863037,0.7471330165863037,0.2531536817550659,0.2531536817550659,0.002307891845703125,0.002307891845703125,inf,,inf,,inf,
37500.0,[10.625],[3.24609375],3.392578125,,,,,0.7288385629653931,0.7288385629653931,0.27091535925865173,0.27091535925865173,0.0023345947265625,0.0023345947265625,307.75,,inf,,inf,
37700.0,[10.28125],[3.08203125],3.216796875,,,,,0.7422600388526917,0.7422600388526917,0.25754642486572266,0.25754642486572266,0.0023956298828125,0.0023956298828125,inf,,inf,,inf,
37900.0,[9.7265625],[3.0],3.546875,,,,,0.7432851195335388,0.7432851195335388,0.25697314739227295,0.25697314739227295,0.0023822784423828125,0.0023822784423828125,345.75,,inf,,inf,
38000.0,[10.0625],[3.29296875],3.462890625,,,,,0.7638888955116272,0.7638888955116272,0.23642677068710327,0.23642677068710327,0.0022830963134765625,0.0022830963134765625,265.25,,inf,,inf,
38100.0,[9.8828125],[3.666015625],3.8984375,,,,,0.8563311696052551,0.8563311696052551,0.14356736838817596,0.14356736838817596,0.00183868408203125,0.00183868408203125,200.0,,inf,,inf,
38300.0,[9.3828125],[3.046875],3.076171875,,,,,0.7332848906517029,0.7332848906517029,0.2667151093482971,0.2667151093482971,0.002307891845703125,0.002307891845703125,197.0,,inf,,inf,
38400.0,[9.078125],[3.9453125],4.1328125,,,,,0.8563596606254578,0.8563596606254578,0.14364035427570343,0.14364035427570343,0.0019102096557617188,0.0019102096557617188,396.25,,inf,,inf,
38500.0,[8.703125],[3.9609375],4.171875,,,,,0.8220720887184143,0.8220720887184143,0.1779279261827469,0.1779279261827469,0.0019283294677734375,0.0019283294677734375,806.5,,inf,,inf,
38600.0,[9.3671875],[4.26171875],4.3671875,,,,,0.8264999985694885,0.8264999985694885,0.1732500046491623,0.1732500046491623,0.00188446044921875,0.00188446044921875,971.0,,inf,,inf,
38800.0,[9.4609375],[3.4609375],3.810546875,,,,,0.7958915829658508,0.7958915829658508,0.20421765744686127,0.20421765744686127,0.0020599365234375,0.0020599365234375,inf,,inf,,inf,
38900.0,[9.203125],[3.646484375],3.751953125,,,,,0.767241358757019,0.767241358757019,0.23289331793785095,0.23289331793785095,0.0022525787353515625,0.0022525787353515625,30.671875,,inf,,inf,
39000.0,[9.9765625],[2.828125],2.8828125,,,,,0.6752451062202454,0.6752451062202454,0.32444852590560913,0.32444852590560913,0.0025234222412109375,0.0025234222412109375,inf,,inf,,inf,
39200.0,[10.6015625],[3.234375],3.259765625,,,,,0.7465686202049255,0.7465686202049255,0.25343137979507446,0.25343137979507446,0.00231170654296875,0.00231170654296875,753.0,,inf,,inf,
39300.0,[9.0390625],[3.23828125],3.599609375,,,,,0.7897727489471436,0.7897727489471436,0.21008522808551788,0.21008522808551788,0.0022335052490234375,0.0022335052490234375,668.5,,inf,,inf,
39500.0,[8.6796875],[3.791015625],3.78125,,,,,0.7574218511581421,0.7574218511581421,0.24257811903953552,0.24257811903953552,0.00220489501953125,0.00220489501953125,215.125,,499.0,,inf,
39600.0,[10.625],[3.32421875],3.853515625,,,,,0.7808908224105835,0.7808908224105835,0.21892960369586945,0.21892960369586945,0.002254486083984375,0.002254486083984375,239.125,,inf,,inf,
39700.0,[9.125],[3.296875],3.458984375,,,,,0.7567402124404907,0.7567402124404907,0.24325980246067047,0.24325980246067047,0.0023040771484375,0.0023040771484375,276.0,,inf,,inf,
39800.0,[10.796875],[3.197265625],3.5546875,,,,,0.7524038553237915,0.7524038553237915,0.24744591116905212,0.24744591116905212,0.0023365020751953125,0.0023365020751953125,292.25,,inf,,inf,
39900.0,[10.8671875],[3.34765625],3.37890625,,,,,0.7870553135871887,0.7870553135871887,0.2131917029619217,0.2131917029619217,0.0021839141845703125,0.0021839141845703125,inf,,inf,,inf,
40000.0,[9.578125],[3.63671875],3.767578125,,,,,0.7762096524238586,0.7762096524238586,0.22379031777381897,0.22379031777381897,0.002162933349609375,0.002162933349609375,800.0,,inf,,inf,
40100.0,[9.8515625],[3.873046875],3.98828125,,,,,0.77173912525177,0.77173912525177,0.22812500596046448,0.22812500596046448,0.0021495819091796875,0.0021495819091796875,827.5,,inf,,inf,
40200.0,[10.6328125],[2.92578125],2.955078125,,,,,0.6807851195335388,0.6807851195335388,0.31947314739227295,0.31947314739227295,0.0025577545166015625,0.0025577545166015625,639.0,,inf,,inf,
40300.0,[9.9140625],[4.20703125],4.1015625,,,,,0.7790948152542114,0.7790948152542114,0.2207704782485962,0.2207704782485962,0.0020465850830078125,0.0020465850830078125,828.5,,inf,,inf,
40400.0,[12.40625],[3.55078125],3.8671875,,,,,0.7544642686843872,0.7544642686843872,0.2452877014875412,0.2452877014875412,0.002178192138671875,0.002178192138671875,152.875,,inf,,inf,
40500.0,[10.109375],[3.498046875],3.3828125,,,,,0.712890625,0.712890625,0.287109375,0.287109375,0.002307891845703125,0.002307891845703125,44.5625,,inf,,inf,
40600.0,[9.40625],[4.12890625],4.2578125,,,,,0.800000011920929,0.800000011920929,0.19981618225574493,0.19981618225574493,0.0019683837890625,0.0019683837890625,241.5,,inf,,inf,
40800.0,[10.3359375],[2.759765625],2.875,,,,,0.6770334839820862,0.6770334839820862,0.3226674497127533,0.3226674497127533,0.0025653839111328125,0.0025653839111328125,523.5,,inf,,inf,
41000.0,[10.0390625],[2.92578125],3.126953125,,,,,0.65625,0.65625,0.34375,0.34375,0.0025348663330078125,0.0025348663330078125,inf,,inf,,inf,
41100.0,[6.578125],[2.947265625],3.265625,,,,,0.8125,0.8125,0.1875,0.1875,0.0022258758544921875,0.0022258758544921875,89.25,,155.0,,inf,
41200.0,[9.4453125],[3.56640625],3.35546875,,,,,0.7522401213645935,0.7522401213645935,0.2477598637342453,0.2477598637342453,0.00215911865234375,0.00215911865234375,819.5,,inf,,inf,
41300.0,[8.96875],[3.244140625],3.900390625,,,,,0.7769230604171753,0.7769230604171753,0.22295673191547394,0.22295673191547394,0.002277374267578125,0.002277374267578125,177.125,,inf,,inf,
41400.0,[9.109375],[3.626953125],4.328125,,,,,0.7974137663841248,0.7974137663841248,0.20269396901130676,0.20269396901130676,0.002216339111328125,0.002216339111328125,inf,,inf,,inf,
41700.0,[8.9453125],[3.59765625],4.12109375,,,,,0.7851851582527161,0.7851851582527161,0.21481481194496155,0.21481481194496155,0.002155303955078125,0.002155303955078125,434.25,,inf,,inf,
41800.0,[9.421875],[3.693359375],4.0078125,,,,,0.8295454382896423,0.8295454382896423,0.17045454680919647,0.17045454680919647,0.0020294189453125,0.0020294189453125,inf,,inf,,inf,
41900.0,[11.453125],[3.3046875],3.435546875,,,,,0.7402234673500061,0.7402234673500061,0.259951114654541,0.259951114654541,0.0023479461669921875,0.0023479461669921875,523.0,,inf,,inf,
42000.0,[9.265625],[4.265625],5.54296875,,,,,0.8145031929016113,0.8145031929016113,0.18539664149284363,0.18539664149284363,0.0020294189453125,0.0020294189453125,85.875,,inf,,inf,
42200.0,[8.5546875],[3.21875],3.302734375,,,,,0.7537878751754761,0.7537878751754761,0.24589645862579346,0.24589645862579346,0.002246856689453125,0.002246856689453125,inf,,1405.0,,inf,
42300.0,[9.15625],[3.9921875],4.00390625,,,,,0.8330292105674744,0.8330292105674744,0.16719891130924225,0.16719891130924225,0.0018243789672851562,0.0018243789672851562,inf,,inf,,inf,
42400.0,[10.5546875],[3.5625],3.666015625,,,,,0.7486187815666199,0.7486187815666199,0.2513812184333801,0.2513812184333801,0.0022640228271484375,0.0022640228271484375,554.5,,inf,,inf,
42600.0,[11.2109375],[2.94921875],2.94921875,,,,,0.6987804770469666,0.6987804770469666,0.3013719618320465,0.3013719618320465,0.00246429443359375,0.00246429443359375,518.5,,inf,,inf,
42700.0,[9.1796875],[4.140625],4.53125,,,,,0.8374999761581421,0.8374999761581421,0.16222426295280457,0.16222426295280457,0.00179290771484375,0.00179290771484375,279.5,,inf,,inf,
42900.0,[9.1875],[3.271484375],3.724609375,,,,,0.7714120149612427,0.7714120149612427,0.22887732088565826,0.22887732088565826,0.0022258758544921875,0.0022258758544921875,282.75,,inf,,inf,
43000.0,[9.3828125],[4.08203125],4.625,,,,,0.8196202516555786,0.8196202516555786,0.1806764304637909,0.1806764304637909,0.0019741058349609375,0.0019741058349609375,262.25,,inf,,inf,
43200.0,[9.609375],[3.578125],4.5078125,,,,,0.8236607313156128,0.8236607313156128,0.1765252947807312,0.1765252947807312,0.00214385986328125,0.00214385986328125,75.75,,inf,,inf,
43300.0,[8.9375],[3.01171875],3.146484375,,,,,0.7257751822471619,0.7257751822471619,0.27398255467414856,0.27398255467414856,0.002414703369140625,0.002414703369140625,718.5,,inf,,inf,
43600.0,[9.0703125],[3.564453125],3.806640625,,,,,0.7584080696105957,0.7584080696105957,0.24145179986953735,0.24145179986953735,0.0022525787353515625,0.0022525787353515625,717.0,,inf,,inf,
43700.0,[10.84375],[3.01953125],3.185546875,,,,,0.7189952731132507,0.7189952731132507,0.2808084785938263,0.2808084785938263,0.0024261474609375,0.0024261474609375,inf,,inf,,inf,
44000.0,[8.2578125],[3.6171875],3.94921875,,,,,0.8713541626930237,0.8713541626930237,0.1285807341337204,0.1285807341337204,0.0017709732055664062,0.0017709732055664062,53.15625,,inf,,inf,
44100.0,[9.4453125],[3.318359375],3.212890625,,,,,0.7273706793785095,0.7273706793785095,0.2724946141242981,0.2724946141242981,0.002285003662109375,0.002285003662109375,630.0,,inf,,inf,
44200.0,[10.0546875],[3.65234375],4.29296875,,,,,0.7928082346916199,0.7928082346916199,0.2070847600698471,0.2070847600698471,0.0021877288818359375,0.0021877288818359375,204.125,,inf,,inf,
44400.0,[9.5703125],[3.58203125],3.37890625,,,,,0.7793103456497192,0.7793103456497192,0.22068965435028076,0.22068965435028076,0.0020275115966796875,0.0020275115966796875,399.0,,inf,,inf,
44500.0,[10.6875],[3.359375],3.3828125,,,,,0.6699862480163574,0.6699862480163574,0.3298420310020447,0.3298420310020447,0.0025463104248046875,0.0025463104248046875,214.875,,inf,,inf,
44600.0,[10.2578125],[3.650390625],3.9296875,,,,,0.8047480583190918,0.8047480583190918,0.1953730583190918,0.1953730583190918,0.002056121826171875,0.002056121826171875,398.5,,inf,,inf,
44700.0,[11.6328125],[3.0546875],2.779296875,,,,,0.6842672228813171,0.6842672228813171,0.31600216031074524,0.31600216031074524,0.0025005340576171875,0.0025005340576171875,254.0,,inf,,inf,
44800.0,[9.5],[3.953125],4.23828125,,,,,0.8386363387107849,0.8386363387107849,0.16150568425655365,0.16150568425655365,0.0018358230590820312,0.0018358230590820312,843.5,,inf,,inf,
44900.0,[9.1640625],[4.078125],4.5625,,,,,0.8350290656089783,0.8350290656089783,0.16478924453258514,0.16478924453258514,0.0017642974853515625,0.0017642974853515625,74.25,,inf,,inf,
45100.0,[9.015625],[4.703125],4.8203125,,,,,0.8641098737716675,0.8641098737716675,0.13577178120613098,0.13577178120613098,0.0015802383422851562,0.0015802383422851562,45.03125,,96.875,,111.0625,
45400.0,[9.9765625],[2.984375],3.134765625,,,,,0.6986040472984314,0.6986040472984314,0.3013959527015686,0.3013959527015686,0.0025634765625,0.0025634765625,inf,,inf,,inf,
45600.0,[9.25],[2.685546875],2.61328125,,,,,0.668749988079071,0.668749988079071,0.3309375047683716,0.3309375047683716,0.0025959014892578125,0.0025959014892578125,214.875,,inf,,inf,
45700.0,[10.1171875],[4.234375],5.01953125,,,,,0.8629261255264282,0.8629261255264282,0.13734020292758942,0.13734020292758942,0.0018520355224609375,0.0018520355224609375,118.625,,inf,,inf,
45800.0,[9.515625],[2.771484375],2.96875,,,,,0.6991626620292664,0.6991626620292664,0.3005382716655731,0.3005382716655731,0.0025234222412109375,0.0025234222412109375,569.0,,inf,,inf,
45900.0,[10.1484375],[3.82421875],3.64453125,,,,,0.7611111402511597,0.7611111402511597,0.2386574000120163,0.2386574000120163,0.0021724700927734375,0.0021724700927734375,408.0,,inf,,inf,
46000.0,[9.9375],[3.0625],3.197265625,,,,,0.7207792401313782,0.7207792401313782,0.27942371368408203,0.27942371368408203,0.002437591552734375,0.002437591552734375,inf,,inf,,inf,
46200.0,[9.546875],[2.478515625],2.775390625,,,,,0.6538194417953491,0.6538194417953491,0.3461805582046509,0.3461805582046509,0.0027294158935546875,0.0027294158935546875,443.5,,inf,,inf,
46300.0,[10.359375],[3.625],3.705078125,,,,,0.7995192408561707,0.7995192408561707,0.20048077404499054,0.20048077404499054,0.002105712890625,0.002105712890625,384.75,,inf,,inf,
46400.0,[10.375],[3.173828125],3.48828125,,,,,0.7489837408065796,0.7489837408065796,0.25088924169540405,0.25088924169540405,0.002376556396484375,0.002376556396484375,inf,,inf,,inf,
46600.0,[8.484375],[4.0625],4.3984375,,,,,0.7993055582046509,0.7993055582046509,0.20086805522441864,0.20086805522441864,0.0019359588623046875,0.0019359588623046875,93.1875,,186.5,,inf,
46800.0,[10.15625],[3.16796875],3.82421875,,,,,0.7720000147819519,0.7720000147819519,0.2278749942779541,0.2278749942779541,0.0022220611572265625,0.0022220611572265625,370.25,,inf,,inf,
46900.0,[10.15625],[3.607421875],3.48046875,,,,,0.78125,0.78125,0.21875,0.21875,0.002227783203125,0.002227783203125,382.25,,inf,,inf,
47000.0,[11.1484375],[3.05859375],3.580078125,,,,,0.705078125,0.705078125,0.2947591245174408,0.2947591245174408,0.0025081634521484375,0.0025081634521484375,inf,,inf,,inf,
47200.0,[11.3203125],[3.470703125],3.515625,,,,,0.7514705657958984,0.7514705657958984,0.24834558367729187,0.24834558367729187,0.0021877288818359375,0.0021877288818359375,217.625,,inf,,inf,
47300.0,[9.859375],[2.494140625],2.33984375,,,,,0.6501865386962891,0.6501865386962891,0.34981343150138855,0.34981343150138855,0.002620697021484375,0.002620697021484375,237.5,,inf,,inf,
47400.0,[8.9296875],[4.14453125],4.1171875,,,,,0.8419944047927856,0.8419944047927856,0.15826895833015442,0.15826895833015442,0.0017728805541992188,0.0017728805541992188,262.5,,inf,,inf,
47500.0,[9.71875],[2.904296875],3.19921875,,,,,0.6951121687889099,0.6951121687889099,0.3048878312110901,0.3048878312110901,0.0025386810302734375,0.0025386810302734375,inf,,inf,,inf,
47600.0,[10.1328125],[3.73828125],3.73046875,,,,,0.7958074808120728,0.7958074808120728,0.20458073914051056,0.20458073914051056,0.0020694732666015625,0.0020694732666015625,510.75,,inf,,inf,
48000.0,[9.03125],[2.974609375],2.77734375,,,,,0.7005434632301331,0.7005434632301331,0.29918476939201355,0.29918476939201355,0.0024547576904296875,0.0024547576904296875,inf,,inf,,inf,
48100.0,[9.71875],[3.33203125],2.908203125,,,,,0.7454545497894287,0.7454545497894287,0.2545454502105713,0.2545454502105713,0.002170562744140625,0.002170562744140625,409.0,,inf,,inf,
48300.0,[9.6171875],[3.701171875],4.05859375,,,,,0.7919303774833679,0.7919303774833679,0.20787183940410614,0.20787183940410614,0.0020885467529296875,0.0020885467529296875,503.25,,inf,,inf,
48400.0,[9.171875],[3.01953125],3.09375,,,,,0.7180117964744568,0.7180117964744568,0.2819882035255432,0.2819882035255432,0.00243377685546875,0.00243377685546875,306.5,,inf,,inf,
48500.0,[10.5078125],[3.619140625],3.693359375,,,,,0.7787576913833618,0.7787576913833618,0.22124233841896057,0.22124233841896057,0.0021076202392578125,0.0021076202392578125,526.0,,inf,,inf,
48700.0,[9.703125],[4.21875],5.359375,,,,,0.8273026347160339,0.8273026347160339,0.17280016839504242,0.17280016839504242,0.0018529891967773438,0.0018529891967773438,90.5,,inf,,inf,
48800.0,[10.328125],[3.26953125],3.576171875,,,,,0.7362499833106995,0.7362499833106995,0.2639583349227905,0.2639583349227905,0.0023345947265625,0.0023345947265625,192.25,,inf,,inf,
49000.0,[9.6640625],[3.056640625],3.166015625,,,,,0.7671459913253784,0.7671459913253784,0.2331305295228958,0.2331305295228958,0.002307891845703125,0.002307891845703125,291.5,,inf,,inf,
49200.0,[10.078125],[3.68359375],3.736328125,,,,,0.7875000238418579,0.7875000238418579,0.21238839626312256,0.21238839626312256,0.0020885467529296875,0.0020885467529296875,149.375,,inf,,inf,
49400.0,[9.8046875],[3.50390625],3.57421875,,,,,0.7807971239089966,0.7807971239089966,0.21908967196941376,0.21908967196941376,0.0021457672119140625,0.0021457672119140625,397.0,,1032.0,,inf,
49600.0,[9.8515625],[3.890625],4.27734375,,,,,0.8120861053466797,0.8120861053466797,0.18781043589115143,0.18781043589115143,0.0019445419311523438,0.0019445419311523438,inf,,inf,,inf,
49900.0,[9.34375],[3.4609375],3.40625,,,,,0.7549019455909729,0.7549019455909729,0.24525122344493866,0.24525122344493866,0.0022563934326171875,0.0022563934326171875,616.5,,inf,,inf,
50000.0,[10.75],[2.541015625],2.609375,,,,,0.6227678656578064,0.6227678656578064,0.37700891494750977,0.37700891494750977,0.002841949462890625,0.002841949462890625,44.75,,inf,,inf,
50100.0,[9.546875],[2.734375],2.8359375,,,,,0.6548672318458557,0.6548672318458557,0.3451327383518219,0.3451327383518219,0.002628326416015625,0.002628326416015625,543.0,,inf,,inf,
50200.0,[10.3515625],[3.767578125],3.806640625,,,,,0.8042168617248535,0.8042168617248535,0.19578313827514648,0.19578313827514648,0.0020809173583984375,0.0020809173583984375,222.25,,inf,,inf,
50500.0,[9.84375],[3.724609375],4.31640625,,,,,0.7955357432365417,0.7955357432365417,0.20446428656578064,0.20446428656578064,0.0022182464599609375,0.0022182464599609375,216.75,,inf,,inf,
50600.0,[10.015625],[3.70703125],3.8515625,,,,,0.786697268486023,0.786697268486023,0.21358944475650787,0.21358944475650787,0.0020694732666015625,0.0020694732666015625,336.25,,inf,,inf,
50900.0,[9.8671875],[3.0703125],3.18359375,,,,,0.7278571724891663,0.7278571724891663,0.2723214328289032,0.2723214328289032,0.002391815185546875,0.002391815185546875,inf,,inf,,inf,
51200.0,[8.734375],[2.560546875],2.568359375,,,,,0.6270492076873779,0.6270492076873779,0.37295082211494446,0.37295082211494446,0.002777099609375,0.002777099609375,inf,,inf,,inf,
51300.0,[10.0390625],[2.470703125],2.630859375,,,,,0.6728469133377075,0.6728469133377075,0.32715311646461487,0.32715311646461487,0.0026988983154296875,0.0026988983154296875,474.5,,inf,,inf,
51400.0,[9.296875],[2.30078125],2.2109375,,,,,0.5931528806686401,0.5931528806686401,0.40684711933135986,0.40684711933135986,0.00279998779296875,0.00279998779296875,inf,,inf,,inf,
51600.0,[10.2578125],[3.572265625],4.01953125,,,,,0.7842105031013489,0.7842105031013489,0.21595394611358643,0.21595394611358643,0.0022373199462890625,0.0022373199462890625,324.0,,inf,,inf,
51700.0,[10.640625],[3.365234375],3.439453125,,,,,0.7359068393707275,0.7359068393707275,0.2640931308269501,0.2640931308269501,0.00228118896484375,0.00228118896484375,594.0,,inf,,inf,
51800.0,[9.0859375],[3.171875],3.97265625,,,,,0.7544642686843872,0.7544642686843872,0.2456597238779068,0.2456597238779068,0.00234222412109375,0.00234222412109375,inf,,inf,,inf,
51900.0,[10.140625],[4.48828125],5.1875,,,,,0.8794642686843872,0.8794642686843872,0.1203962042927742,0.1203962042927742,0.001667022705078125,0.001667022705078125,37.4375,,inf,,60.78125,
52000.0,[9.5234375],[3.556640625],3.75,,,,,0.7754716873168945,0.7754716873168945,0.22452829778194427,0.22452829778194427,0.002193450927734375,0.002193450927734375,884.5,,inf,,inf,
52100.0,[9.96875],[2.98046875],2.97265625,,,,,0.7375991940498352,0.7375991940498352,0.2624008059501648,0.2624008059501648,0.002368927001953125,0.002368927001953125,100.5,,inf,,inf,
52300.0,[8.2109375],[3.54296875],4.234375,,,,,0.8187500238418579,0.8187500238418579,0.18125000596046448,0.18125000596046448,0.0019521713256835938,0.0019521713256835938,175.875,,319.25,,inf,
52500.0,[10.5234375],[3.2890625],3.474609375,,,,,0.7448979616165161,0.7448979616165161,0.2554209232330322,0.2554209232330322,0.0022983551025390625,0.0022983551025390625,599.5,,inf,,inf,
52600.0,[9.609375],[3.37109375],3.482421875,,,,,0.7442129850387573,0.7442129850387573,0.2555941343307495,0.2555941343307495,0.002307891845703125,0.002307891845703125,474.75,,inf,,inf,
52700.0,[9.109375],[4.4296875],5.296875,,,,,0.871995210647583,0.871995210647583,0.12830528616905212,0.12830528616905212,0.0016040802001953125,0.0016040802001953125,154.875,,inf,,inf,
53000.0,[10.421875],[2.453125],2.541015625,,,,,0.6300675868988037,0.6300675868988037,0.3699324429035187,0.3699324429035187,0.002750396728515625,0.002750396728515625,inf,,inf,,inf,
53100.0,[10.75],[2.68359375],3.169921875,,,,,0.6815476417541504,0.6815476417541504,0.318452388048172,0.318452388048172,0.00258636474609375,0.00258636474609375,203.875,,inf,,inf,
53200.0,[9.890625],[3.04296875],3.048828125,,,,,0.7277644276618958,0.7277644276618958,0.27223557233810425,0.27223557233810425,0.002349853515625,0.002349853515625,inf,,inf,,inf,
53300.0,[10.59375],[3.40625],3.548828125,,,,,0.7782805562019348,0.7782805562019348,0.22200226783752441,0.22200226783752441,0.002193450927734375,0.002193450927734375,1471.0,,inf,,inf,
53600.0,[9.1015625],[3.986328125],4.1328125,,,,,0.8311011791229248,0.8311011791229248,0.1685267835855484,0.1685267835855484,0.0018157958984375,0.0018157958984375,90.9375,,inf,,inf,
53700.0,[10.359375],[3.775390625],3.947265625,,,,,0.7567049860954285,0.7567049860954285,0.2430555522441864,0.2430555522441864,0.0022144317626953125,0.0022144317626953125,931.5,,inf,,inf,
53800.0,[9.671875],[3.515625],3.69921875,,,,,0.808783769607544,0.808783769607544,0.19087837636470795,0.19087837636470795,0.00201416015625,0.00201416015625,591.0,,inf,,inf,
53900.0,[9.71875],[3.544921875],3.865234375,,,,,0.7809343338012695,0.7809343338012695,0.21938131749629974,0.21938131749629974,0.0022220611572265625,0.0022220611572265625,622.5,,inf,,inf,
54000.0,[10.1484375],[2.482421875],2.533203125,,,,,0.6312111616134644,0.6312111616134644,0.36878880858421326,0.36878880858421326,0.0027313232421875,0.0027313232421875,inf,,inf,,inf,
54300.0,[9.1328125],[3.47265625],3.94140625,,,,,0.7834201455116272,0.7834201455116272,0.2164713591337204,0.2164713591337204,0.0020580291748046875,0.0020580291748046875,183.75,,401.25,,inf,
54400.0,[10.7578125],[2.974609375],3.11328125,,,,,0.698437511920929,0.698437511920929,0.30156248807907104,0.30156248807907104,0.0024814605712890625,0.0024814605712890625,inf,,inf,,inf,
54600.0,[10.859375],[3.17578125],3.224609375,,,,,0.6930076479911804,0.6930076479911804,0.3069923520088196,0.3069923520088196,0.002460479736328125,0.002460479736328125,723.5,,inf,,inf,
54700.0,[10.390625],[3.3671875],3.677734375,,,,,0.7911458611488342,0.7911458611488342,0.20885416865348816,0.20885416865348816,0.0022068023681640625,0.0022068023681640625,365.5,,inf,,inf,
54800.0,[10.5234375],[3.126953125],3.197265625,,,,,0.7728174328804016,0.7728174328804016,0.2273065447807312,0.2273065447807312,0.0022602081298828125,0.0022602081298828125,122.25,,inf,,inf,
54900.0,[10.8984375],[2.9140625],3.04296875,,,,,0.7023809552192688,0.7023809552192688,0.2979166805744171,0.2979166805744171,0.00247955322265625,0.00247955322265625,inf,,inf,,inf,
55100.0,[10.1328125],[3.09375],3.28125,,,,,0.733131468296051,0.733131468296051,0.26665225625038147,0.26665225625038147,0.002361297607421875,0.002361297607421875,875.0,,inf,,inf,
55200.0,[8.5625],[2.92578125],3.2265625,,,,,0.7319444417953491,0.7319444417953491,0.26782408356666565,0.26782408356666565,0.002323150634765625,0.002323150634765625,334.0,,inf,,inf,
55300.0,[9.75],[3.185546875],3.326171875,,,,,0.7422794103622437,0.7422794103622437,0.25753676891326904,0.25753676891326904,0.002285003662109375,0.002285003662109375,1053.0,,inf,,inf,
55400.0,[9.234375],[4.62890625],5.07421875,,,,,0.8577044010162354,0.8577044010162354,0.14200077950954437,0.14200077950954437,0.0017957687377929688,0.0017957687377929688,668.5,,inf,,inf,
55500.0,[10.2421875],[3.8828125],4.0859375,,,,,0.7994652390480042,0.7994652390480042,0.20036764442920685,0.20036764442920685,0.002044677734375,0.002044677734375,630.5,,inf,,inf,
55700.0,[8.65625],[3.099609375],3.326171875,,,,,0.7342342138290405,0.7342342138290405,0.26590654253959656,0.26590654253959656,0.002346038818359375,0.002346038818359375,631.5,,inf,,inf,
55800.0,[10.7734375],[3.0],3.232421875,,,,,0.7201389074325562,0.7201389074325562,0.2796874940395355,0.2796874940395355,0.0024280548095703125,0.0024280548095703125,213.875,,inf,,inf,
56400.0,[9.4765625],[3.65234375],3.498046875,,,,,0.7721354365348816,0.7721354365348816,0.2276475727558136,0.2276475727558136,0.0021533966064453125,0.0021533966064453125,404.0,,inf,,inf,
56500.0,[9.390625],[4.25],4.234375,,,,,0.8221830725669861,0.8221830725669861,0.1776701807975769,0.1776701807975769,0.0018587112426757812,0.0018587112426757812,784.0,,inf,,inf,
56900.0,[9.5234375],[3.794921875],3.888671875,,,,,0.8167808055877686,0.8167808055877686,0.18307648599147797,0.18307648599147797,0.0019779205322265625,0.0019779205322265625,773.0,,inf,,inf,
57100.0,[9.7421875],[3.1640625],3.4296875,,,,,0.76106196641922,0.76106196641922,0.23907633125782013,0.23907633125782013,0.002193450927734375,0.002193450927734375,306.75,,inf,,inf,
57300.0,[9.453125],[3.04296875],3.13671875,,,,,0.7038590312004089,0.7038590312004089,0.2963506579399109,0.2963506579399109,0.0024566650390625,0.0024566650390625,365.25,,inf,,inf,
57400.0,[10.2890625],[2.669921875],2.8125,,,,,0.7002212405204773,0.7002212405204773,0.30005529522895813,0.30005529522895813,0.0025997161865234375,0.0025997161865234375,561.5,,inf,,inf,
57800.0,[9.5546875],[3.3203125],3.701171875,,,,,0.7918781638145447,0.7918781638145447,0.20796319842338562,0.20796319842338562,0.00211334228515625,0.00211334228515625,inf,,inf,,inf,
58100.0,[10.140625],[3.83203125],4.078125,,,,,0.8277438879013062,0.8277438879013062,0.17225609719753265,0.17225609719753265,0.001995086669921875,0.001995086669921875,429.0,,inf,,inf,
58300.0,[9.390625],[3.435546875],3.396484375,,,,,0.807692289352417,0.807692289352417,0.1924169510602951,0.1924169510602951,0.0020427703857421875,0.0020427703857421875,401.0,,inf,,inf,
58400.0,[11.1484375],[3.046875],2.966796875,,,,,0.6511437892913818,0.6511437892913818,0.34906044602394104,0.34906044602394104,0.0026683807373046875,0.0026683807373046875,389.0,,inf,,inf,
58500.0,[10.4609375],[2.96875],3.298828125,,,,,0.7511432766914368,0.7511432766914368,0.24904724955558777,0.24904724955558777,0.0023193359375,0.0023193359375,454.5,,inf,,inf,
58600.0,[9.2578125],[3.408203125],3.765625,,,,,0.7641128897666931,0.7641128897666931,0.2358870953321457,0.2358870953321457,0.0022220611572265625,0.0022220611572265625,392.75,,inf,,inf,
58700.0,[9.9453125],[4.1953125],4.19921875,,,,,0.8109878897666931,0.8109878897666931,0.18876008689403534,0.18876008689403534,0.0019044876098632812,0.0019044876098632812,924.0,,inf,,inf,
58800.0,[10.0078125],[3.572265625],3.810546875,,,,,0.772455096244812,0.772455096244812,0.2271706610918045,0.2271706610918045,0.0021648406982421875,0.0021648406982421875,inf,,inf,,inf,
58900.0,[11.1015625],[2.90625],3.220703125,,,,,0.7044354677200317,0.7044354677200317,0.2955645024776459,0.2955645024776459,0.002521514892578125,0.002521514892578125,417.25,,inf,,inf,
59000.0,[9.515625],[3.48828125],3.966796875,,,,,0.7588105797767639,0.7588105797767639,0.24091409146785736,0.24091409146785736,0.0022830963134765625,0.0022830963134765625,inf,,inf,,inf,
59200.0,[9.984375],[3.6171875],3.9765625,,,,,0.7949766516685486,0.7949766516685486,0.20531542599201202,0.20531542599201202,0.00211334228515625,0.00211334228515625,306.5,,inf,,inf,
59300.0,[9.2734375],[2.755859375],3.27734375,,,,,0.7304292917251587,0.7304292917251587,0.26972854137420654,0.26972854137420654,0.0025577545166015625,0.0025577545166015625,263.5,,inf,,inf,
59400.0,[10.328125],[3.14453125],3.30078125,,,,,0.7671052813529968,0.7671052813529968,0.23256579041481018,0.23256579041481018,0.0022640228271484375,0.0022640228271484375,548.0,,inf,,inf,
59500.0,[9.9921875],[3.091796875],3.322265625,,,,,0.7074829936027527,0.7074829936027527,0.2925170063972473,0.2925170063972473,0.0024662017822265625,0.0024662017822265625,915.0,,inf,,inf,
59700.0,[9.2421875],[3.2265625],3.615234375,,,,,0.7538265585899353,0.7538265585899353,0.24617347121238708,0.24617347121238708,0.0023174285888671875,0.0023174285888671875,608.0,,inf,,inf,
59800.0,[9.671875],[3.46875],3.603515625,,,,,0.7687883377075195,0.7687883377075195,0.23101994395256042,0.23101994395256042,0.002124786376953125,0.002124786376953125,516.0,,inf,,inf,
60000.0,[10.6875],[2.681640625],2.5,,,,,0.6692708134651184,0.6692708134651184,0.3307291567325592,0.3307291567325592,0.0026149749755859375,0.0026149749755859375,140.625,,inf,,inf,
60100.0,[9.609375],[3.25390625],3.291015625,,,,,0.7221153974533081,0.7221153974533081,0.2778846025466919,0.2778846025466919,0.002368927001953125,0.002368927001953125,744.0,,inf,,inf,
60200.0,[9.84375],[3.56640625],3.845703125,,,,,0.732421875,0.732421875,0.267578125,0.267578125,0.0023288726806640625,0.0023288726806640625,423.0,,inf,,inf,
60300.0,[10.75],[2.951171875],3.1953125,,,,,0.6784793734550476,0.6784793734550476,0.3211984634399414,0.3211984634399414,0.0026264190673828125,0.0026264190673828125,494.0,,inf,,inf,
60500.0,[9.6015625],[3.583984375],3.62890625,,,,,0.8278769850730896,0.8278769850730896,0.1722470223903656,0.1722470223903656,0.0019779205322265625,0.0019779205322265625,381.75,,inf,,inf,
60600.0,[9.7578125],[4.1328125],4.21875,,,,,0.8424107432365417,0.8424107432365417,0.15770089626312256,0.15770089626312256,0.0018033981323242188,0.0018033981323242188,478.0,,inf,,inf,
60700.0,[10.109375],[2.70703125],2.90234375,,,,,0.6875,0.6875,0.3125,0.3125,0.0025997161865234375,0.0025997161865234375,inf,,inf,,inf,
60800.0,[10.1640625],[2.95703125],3.171875,,,,,0.7334656119346619,0.7334656119346619,0.26620370149612427,0.26620370149612427,0.0023441314697265625,0.0023441314697265625,inf,,inf,,inf,
60900.0,[10.125],[3.962890625],3.890625,,,,,0.7868170738220215,0.7868170738220215,0.21347981691360474,0.21347981691360474,0.0020961761474609375,0.0020961761474609375,inf,,inf,,inf,
61000.0,[9.6640625],[3.736328125],3.890625,,,,,0.7739616632461548,0.7739616632461548,0.22603833675384521,0.22603833675384521,0.0021724700927734375,0.0021724700927734375,inf,,inf,,inf,
61200.0,[9.5078125],[2.8046875],2.953125,,,,,0.7327806353569031,0.7327806353569031,0.26705995202064514,0.26705995202064514,0.0024051666259765625,0.0024051666259765625,75.125,,245.875,,inf,
61300.0,[9.75],[3.314453125],3.33203125,,,,,0.7978469133377075,0.7978469133377075,0.20185406506061554,0.20185406506061554,0.0020656585693359375,0.0020656585693359375,620.5,,inf,,inf,
61400.0,[9.5390625],[3.46875],3.548828125,,,,,0.7850000262260437,0.7850000262260437,0.21482142806053162,0.21482142806053162,0.002124786376953125,0.002124786376953125,527.5,,inf,,inf,
61500.0,[10.1328125],[3.01953125],2.91796875,,,,,0.770636796951294,0.770636796951294,0.2292158007621765,0.2292158007621765,0.0021495819091796875,0.0021495819091796875,250.0,,inf,,inf,
61600.0,[10.3046875],[2.759765625],2.974609375,,,,,0.6948198080062866,0.6948198080062866,0.3048986494541168,0.3048986494541168,0.0025844573974609375,0.0025844573974609375,595.0,,inf,,inf,
61700.0,[9.6796875],[3.1640625],3.09765625,,,,,0.6923868060112,0.6923868060112,0.30761316418647766,0.30761316418647766,0.00246429443359375,0.00246429443359375,624.5,,inf,,inf,
61800.0,[9.40625],[3.044921875],3.02734375,,,,,0.7100591659545898,0.7100591659545898,0.2897559106349945,0.2897559106349945,0.0023822784423828125,0.0023822784423828125,428.0,,inf,,inf,
61900.0,[9.59375],[4.1171875],4.19140625,,,,,0.7967581152915955,0.7967581152915955,0.2033977508544922,0.2033977508544922,0.00203704833984375,0.00203704833984375,1571.0,,inf,,inf,
62000.0,[9.1640625],[3.802734375],4.30859375,,,,,0.8062499761581421,0.8062499761581421,0.19340278208255768,0.19340278208255768,0.0020618438720703125,0.0020618438720703125,278.0,,inf,,inf,
62100.0,[9.03125],[4.03515625],4.66796875,,,,,0.8373940587043762,0.8373940587043762,0.16260592639446259,0.16260592639446259,0.001956939697265625,0.001956939697265625,174.875,,344.75,,inf,
62200.0,[8.8828125],[4.31640625],4.59765625,,,,,0.7872706651687622,0.7872706651687622,0.21272936463356018,0.21272936463356018,0.00206756591796875,0.00206756591796875,397.5,,inf,,inf,
62300.0,[9.609375],[3.521484375],3.63671875,,,,,0.7414529919624329,0.7414529919624329,0.25854700803756714,0.25854700803756714,0.0023174285888671875,0.0023174285888671875,776.0,,inf,,inf,
62500.0,[10.8671875],[3.34765625],3.37890625,,,,,0.7870553135871887,0.7870553135871887,0.2131917029619217,0.2131917029619217,0.0021839141845703125,0.0021839141845703125,inf,,inf,,inf,
62700.0,[8.421875],[4.0546875],4.6953125,,,,,0.8849999904632568,0.8849999904632568,0.11476562172174454,0.11476562172174454,0.0019474029541015625,0.0019474029541015625,22.46875,,35.78125,,23.75,
62800.0,[10.28125],[3.947265625],3.841796875,,,,,0.8225308656692505,0.8225308656692505,0.1774691343307495,0.1774691343307495,0.0019931793212890625,0.0019931793212890625,232.75,,inf,,inf,
62900.0,[10.171875],[3.408203125],3.533203125,,,,,0.7711864113807678,0.7711864113807678,0.2289901077747345,0.2289901077747345,0.0021800994873046875,0.0021800994873046875,inf,,inf,,inf,
63000.0,[9.71875],[3.212890625],3.35546875,,,,,0.7227393388748169,0.7227393388748169,0.2774268686771393,0.2774268686771393,0.0024356842041015625,0.0024356842041015625,inf,,inf,,inf,
63100.0,[9.1875],[3.81640625],3.6640625,,,,,0.7992424368858337,0.7992424368858337,0.2006222903728485,0.2006222903728485,0.0019779205322265625,0.0019779205322265625,731.0,,inf,,inf,
63200.0,[8.6484375],[2.642578125],2.646484375,,,,,0.6620926260948181,0.6620926260948181,0.3379073739051819,0.3379073739051819,0.00262451171875,0.00262451171875,inf,,inf,,inf,
63300.0,[9.6484375],[3.373046875],3.19140625,,,,,0.7289243936538696,0.7289243936538696,0.271075576543808,0.271075576543808,0.002239227294921875,0.002239227294921875,75.75,,196.375,,224.25,
63500.0,[9.625],[3.62109375],5.5390625,,,,,0.8243371248245239,0.8243371248245239,0.17554450035095215,0.17554450035095215,0.0022640228271484375,0.0022640228271484375,70.5,,inf,,inf,
63600.0,[9.6953125],[3.451171875],3.61328125,,,,,0.7445651888847351,0.7445651888847351,0.2552083432674408,0.2552083432674408,0.002269744873046875,0.002269744873046875,388.75,,inf,,inf,
63800.0,[9.5625],[3.537109375],3.498046875,,,,,0.7756849527359009,0.7756849527359009,0.2241010218858719,0.2241010218858719,0.0021152496337890625,0.0021152496337890625,419.0,,inf,,inf,
64200.0,[9.8203125],[3.76953125],3.740234375,,,,,0.8223140239715576,0.8223140239715576,0.17768594622612,0.17768594622612,0.0018625259399414062,0.0018625259399414062,361.0,,inf,,inf,
64300.0,[9.5859375],[2.982421875],3.09375,,,,,0.7368420958518982,0.7368420958518982,0.2629048526287079,0.2629048526287079,0.002353668212890625,0.002353668212890625,675.0,,inf,,inf,
64400.0,[9.734375],[2.927734375],2.95703125,,,,,0.6833584308624268,0.6833584308624268,0.31664156913757324,0.31664156913757324,0.0025844573974609375,0.0025844573974609375,153.125,,inf,,inf,
64500.0,[7.41015625],[4.53125],4.59375,,,,,0.8503605723381042,0.8503605723381042,0.14933894574642181,0.14933894574642181,0.0015840530395507812,0.0015840530395507812,43.71875,,48.625,,49.3125,
64600.0,[10.34375],[3.048828125],2.994140625,,,,,0.7295082211494446,0.7295082211494446,0.27023565769195557,0.27023565769195557,0.002330780029296875,0.002330780029296875,667.5,,inf,,inf,
64700.0,[10.0546875],[3.376953125],3.85546875,,,,,0.762499988079071,0.762499988079071,0.23764881491661072,0.23764881491661072,0.0022296905517578125,0.0022296905517578125,336.25,,inf,,inf,
64800.0,[9.9609375],[2.94140625],2.927734375,,,,,0.6686508059501648,0.6686508059501648,0.33118385076522827,0.33118385076522827,0.002529144287109375,0.002529144287109375,inf,,inf,,inf,
64900.0,[10.5703125],[2.552734375],2.5625,,,,,0.6659836173057556,0.6659836173057556,0.3338456153869629,0.3338456153869629,0.00264739990234375,0.00264739990234375,403.25,,inf,,inf,
65100.0,[10.5546875],[3.517578125],3.736328125,,,,,0.7308114171028137,0.7308114171028137,0.2694627046585083,0.2694627046585083,0.0023326873779296875,0.0023326873779296875,749.0,,inf,,inf,
65300.0,[8.9765625],[3.150390625],3.0078125,,,,,0.707446813583374,0.707446813583374,0.2928856313228607,0.2928856313228607,0.0023479461669921875,0.0023479461669921875,220.875,,inf,,inf,
65500.0,[8.796875],[2.857421875],2.654296875,,,,,0.6746212244033813,0.6746212244033813,0.32537877559661865,0.32537877559661865,0.002490997314453125,0.002490997314453125,787.5,,inf,,inf,
65600.0,[9.875],[3.41796875],3.5390625,,,,,0.7704831957817078,0.7704831957817078,0.2297794073820114,0.2297794073820114,0.002162933349609375,0.002162933349609375,319.0,,inf,,inf,
65700.0,[6.484375],[3.98828125],4.265625,,,,,0.8125,0.8125,0.1876627653837204,0.1876627653837204,0.0020294189453125,0.0020294189453125,23.78125,,21.484375,,15.7734375,
65800.0,[9.0390625],[2.341796875],2.455078125,,,,,0.6369863152503967,0.6369863152503967,0.36301368474960327,0.36301368474960327,0.002742767333984375,0.002742767333984375,465.25,,inf,,inf,
65900.0,[9.5546875],[3.669921875],3.853515625,,,,,0.8058103919029236,0.8058103919029236,0.19447630643844604,0.19447630643844604,0.0020751953125,0.0020751953125,1146.0,,inf,,inf,
66000.0,[9.375],[3.408203125],3.134765625,,,,,0.7835227251052856,0.7835227251052856,0.2163352221250534,0.2163352221250534,0.00200653076171875,0.00200653076171875,257.75,,inf,,inf,
66200.0,[9.5],[2.97265625],3.2578125,,,,,0.7262073755264282,0.7262073755264282,0.2737926244735718,0.2737926244735718,0.0024051666259765625,0.0024051666259765625,inf,,583.5,,inf,
66300.0,[8.8203125],[4.1171875],4.93359375,,,,,0.8539062738418579,0.8539062738418579,0.14638671278953552,0.14638671278953552,0.001895904541015625,0.001895904541015625,95.6875,,inf,,inf,
66400.0,[9.0859375],[3.689453125],4.83203125,,,,,0.8393750190734863,0.8393750190734863,0.16078124940395355,0.16078124940395355,0.0021114349365234375,0.0021114349365234375,34.78125,,inf,,inf,
67000.0,[10.1328125],[3.6796875],3.560546875,,,,,0.7076446413993835,0.7076446413993835,0.2920971214771271,0.2920971214771271,0.002407073974609375,0.002407073974609375,inf,,inf,,inf,
67200.0,[8.6875],[2.900390625],3.802734375,,,,,0.7362351417541504,0.7362351417541504,0.263764888048172,0.263764888048172,0.0024547576904296875,0.0024547576904296875,94.875,,161.75,,inf,
67300.0,[8.265625],[3.794921875],3.787109375,,,,,0.8417658805847168,0.8417658805847168,0.1584821492433548,0.1584821492433548,0.001903533935546875,0.001903533935546875,141.375,,313.75,,363.5,
67400.0,[9.6953125],[4.25390625],4.55859375,,,,,0.82373046875,0.82373046875,0.1763916015625,0.1763916015625,0.001922607421875,0.001922607421875,205.375,,inf,,inf,
67900.0,[9.890625],[3.423828125],3.96484375,,,,,0.7749999761581421,0.7749999761581421,0.2246323525905609,0.2246323525905609,0.00222015380859375,0.00222015380859375,inf,,inf,,inf,
68000.0,[9.0078125],[3.21484375],3.029296875,,,,,0.6839285492897034,0.6839285492897034,0.31607142090797424,0.31607142090797424,0.002475738525390625,0.002475738525390625,inf,,inf,,inf,
68100.0,[9.4453125],[3.8515625],3.755859375,,,,,0.7892156839370728,0.7892156839370728,0.21090686321258545,0.21090686321258545,0.0020389556884765625,0.0020389556884765625,877.5,,inf,,inf,
68200.0,[10.8828125],[3.24609375],3.51171875,,,,,0.7628012299537659,0.7628012299537659,0.23701053857803345,0.23701053857803345,0.002292633056640625,0.002292633056640625,483.5,,inf,,inf,
68500.0,[11.3203125],[3.490234375],3.568359375,,,,,0.754807710647583,0.754807710647583,0.24500739574432373,0.24500739574432373,0.0022754669189453125,0.0022754669189453125,512.0,,inf,,inf,
68800.0,[10.4296875],[3.208984375],2.98828125,,,,,0.743630588054657,0.743630588054657,0.256369411945343,0.256369411945343,0.0022430419921875,0.0022430419921875,379.75,,inf,,inf,
68900.0,[9.90625],[3.50390625],3.845703125,,,,,0.7745097875595093,0.7745097875595093,0.22549019753932953,0.22549019753932953,0.0022792816162109375,0.0022792816162109375,496.75,,inf,,inf,
69100.0,[9.953125],[3.462890625],4.015625,,,,,0.769345223903656,0.769345223903656,0.2309027761220932,0.2309027761220932,0.002254486083984375,0.002254486083984375,135.625,,inf,,inf,
69200.0,[9.125],[3.568359375],3.8046875,,,,,0.806294322013855,0.806294322013855,0.19359485805034637,0.19359485805034637,0.0020599365234375,0.0020599365234375,464.5,,inf,,inf,
69400.0,[10.2890625],[3.384765625],3.552734375,,,,,0.7284902334213257,0.7284902334213257,0.27150973677635193,0.27150973677635193,0.0023365020751953125,0.0023365020751953125,455.5,,inf,,inf,
69600.0,[10.046875],[3.59375],3.53515625,,,,,0.7862595319747925,0.7862595319747925,0.2135019153356552,0.2135019153356552,0.0020427703857421875,0.0020427703857421875,381.75,,inf,,inf,
69700.0,[9.6796875],[2.609375],2.75,,,,,0.6536183953285217,0.6536183953285217,0.3463815748691559,0.3463815748691559,0.002696990966796875,0.002696990966796875,477.75,,inf,,inf,
69900.0,[9.4453125],[3.47265625],4.4765625,,,,,0.8660714030265808,0.8660714030265808,0.1340082883834839,0.1340082883834839,0.00205230712890625,0.00205230712890625,110.5625,,inf,,inf,
70000.0,[10.484375],[3.59765625],4.015625,,,,,0.7922534942626953,0.7922534942626953,0.2077464759349823,0.2077464759349823,0.00214385986328125,0.00214385986328125,464.25,,inf,,inf,
70100.0,[9.9921875],[2.859375],3.025390625,,,,,0.684116780757904,0.684116780757904,0.31588318943977356,0.31588318943977356,0.0025634765625,0.0025634765625,inf,,inf,,inf,
70400.0,[9.625],[3.041015625],3.154296875,,,,,0.7247942090034485,0.7247942090034485,0.2749485671520233,0.2749485671520233,0.0024127960205078125,0.0024127960205078125,696.5,,inf,,inf,
70500.0,[8.875],[3.892578125],3.544921875,,,,,0.767578125,0.767578125,0.232421875,0.232421875,0.002025604248046875,0.002025604248046875,91.75,,233.0,,104.25,
70700.0,[9.84375],[3.62109375],3.9140625,,,,,0.8103070259094238,0.8103070259094238,0.18955592811107635,0.18955592811107635,0.0020885467529296875,0.0020885467529296875,114.625,,320.5,,inf,
70900.0,[10.078125],[3.2734375],3.212890625,,,,,0.738304078578949,0.738304078578949,0.2615131437778473,0.2615131437778473,0.002292633056640625,0.002292633056640625,452.5,,inf,,inf,
71000.0,[9.3046875],[3.6015625],3.412109375,,,,,0.8448529243469238,0.8448529243469238,0.15496324002742767,0.15496324002742767,0.0018777847290039062,0.0018777847290039062,221.625,,inf,,inf,
71100.0,[9.21875],[4.0390625],4.13671875,,,,,0.8244863152503967,0.8244863152503967,0.17562071979045868,0.17562071979045868,0.0019989013671875,0.0019989013671875,inf,,inf,,inf,
71300.0,[11.0546875],[3.091796875],3.044921875,,,,,0.7135650515556335,0.7135650515556335,0.2862948477268219,0.2862948477268219,0.00240325927734375,0.00240325927734375,inf,,inf,,inf,
71400.0,[8.8984375],[4.2890625],4.1875,,,,,0.8353960514068604,0.8353960514068604,0.1642945557832718,0.1642945557832718,0.0018377304077148438,0.0018377304077148438,307.5,,642.5,,inf,
71500.0,[10.4296875],[3.6640625],3.80078125,,,,,0.8073347210884094,0.8073347210884094,0.19240702688694,0.19240702688694,0.0020751953125,0.0020751953125,371.25,,inf,,inf,
71700.0,[9.796875],[2.943359375],3.1953125,,,,,0.7170138955116272,0.7170138955116272,0.283203125,0.283203125,0.0024700164794921875,0.0024700164794921875,400.0,,inf,,inf,
71900.0,[8.5078125],[3.66015625],4.265625,,,,,0.764384925365448,0.764384925365448,0.235615074634552,0.235615074634552,0.002277374267578125,0.002277374267578125,470.0,,inf,,inf,
72000.0,[8.046875],[4.265625],4.99609375,,,,,0.848557710647583,0.848557710647583,0.15129207074642181,0.15129207074642181,0.0019168853759765625,0.0019168853759765625,43.25,,51.5625,,47.5625,
72100.0,[9.4140625],[3.009765625],3.130859375,,,,,0.6892856955528259,0.6892856955528259,0.31049108505249023,0.31049108505249023,0.002532958984375,0.002532958984375,321.75,,inf,,inf,
72200.0,[10.109375],[2.93359375],3.240234375,,,,,0.685661792755127,0.685661792755127,0.31464460492134094,0.31464460492134094,0.002574920654296875,0.002574920654296875,241.375,,inf,,inf,
72300.0,[10.7578125],[3.181640625],3.4296875,,,,,0.7578125,0.7578125,0.2421875,0.2421875,0.0023365020751953125,0.0023365020751953125,530.5,,inf,,inf,
72400.0,[10.6875],[3.33984375],3.353515625,,,,,0.742527186870575,0.742527186870575,0.2571331560611725,0.2571331560611725,0.00222015380859375,0.00222015380859375,522.0,,inf,,inf,
72700.0,[10.421875],[3.091796875],3.0703125,,,,,0.6865875720977783,0.6865875720977783,0.3134123980998993,0.3134123980998993,0.0024776458740234375,0.0024776458740234375,761.5,,inf,,inf,
72800.0,[9.0234375],[2.8984375],3.330078125,,,,,0.7138158082962036,0.7138158082962036,0.28641918301582336,0.28641918301582336,0.002513885498046875,0.002513885498046875,351.25,,inf,,inf,
73200.0,[10.2421875],[3.580078125],3.888671875,,,,,0.8114495873451233,0.8114495873451233,0.1886817216873169,0.1886817216873169,0.0020351409912109375,0.0020351409912109375,810.5,,inf,,inf,
73300.0,[9.6953125],[3.701171875],3.701171875,,,,,0.8017711043357849,0.8017711043357849,0.19839918613433838,0.19839918613433838,0.0020427703857421875,0.0020427703857421875,1269.0,,inf,,inf,
73400.0,[8.6875],[2.900390625],3.802734375,,,,,0.7362351417541504,0.7362351417541504,0.263764888048172,0.263764888048172,0.0024547576904296875,0.0024547576904296875,94.875,,161.75,,inf,
73500.0,[9.5234375],[2.84765625],2.66796875,,,,,0.7290111780166626,0.7290111780166626,0.2707555890083313,0.2707555890083313,0.00231170654296875,0.00231170654296875,119.0625,,inf,,inf,
73700.0,[9.90625],[3.615234375],3.54296875,,,,,0.7684659361839294,0.7684659361839294,0.23171164095401764,0.23171164095401764,0.002105712890625,0.002105712890625,530.5,,inf,,inf,
74000.0,[9.59375],[3.8125],4.1640625,,,,,0.7907458543777466,0.7907458543777466,0.2090814858675003,0.2090814858675003,0.00203704833984375,0.00203704833984375,inf,,inf,,inf,
74200.0,[9.5234375],[3.48046875],3.630859375,,,,,0.7571428418159485,0.7571428418159485,0.24285714328289032,0.24285714328289032,0.0022602081298828125,0.0022602081298828125,inf,,inf,,inf,
74300.0,[8.6171875],[3.322265625],3.85546875,,,,,0.78464674949646,0.78464674949646,0.21518342196941376,0.21518342196941376,0.0020236968994140625,0.0020236968994140625,15.984375,,18.75,,16.640625,
74400.0,[10.75],[2.837890625],3.095703125,,,,,0.7039835453033447,0.7039835453033447,0.29584479331970215,0.29584479331970215,0.002590179443359375,0.002590179443359375,208.25,,inf,,inf,
74700.0,[9.453125],[3.01171875],2.8984375,,,,,0.6926774978637695,0.6926774978637695,0.3071375787258148,0.3071375787258148,0.0024509429931640625,0.0024509429931640625,421.75,,inf,,inf,
75000.0,[11.4453125],[2.578125],2.95703125,,,,,0.6286337375640869,0.6286337375640869,0.37154796719551086,0.37154796719551086,0.0028209686279296875,0.0028209686279296875,152.125,,inf,,inf,
75300.0,[9.265625],[3.640625],3.62109375,,,,,0.7572368383407593,0.7572368383407593,0.24276316165924072,0.24276316165924072,0.0021648406982421875,0.0021648406982421875,272.75,,631.5,,inf,
75500.0,[7.93359375],[4.015625],5.34375,,,,,0.84326171875,0.84326171875,0.1568603515625,0.1568603515625,0.0019140243530273438,0.0019140243530273438,45.09375,,99.3125,,inf,
75800.0,[9.515625],[2.5703125],2.76953125,,,,,0.63330078125,0.63330078125,0.36669921875,0.36669921875,0.002735137939453125,0.002735137939453125,inf,,inf,,inf,
75900.0,[10.6015625],[3.3515625],3.515625,,,,,0.7297297120094299,0.7297297120094299,0.2702702581882477,0.2702702581882477,0.0023708343505859375,0.0023708343505859375,793.5,,inf,,inf,
76000.0,[10.0859375],[3.126953125],2.99609375,,,,,0.7228915691375732,0.7228915691375732,0.2769201695919037,0.2769201695919037,0.0023555755615234375,0.0023555755615234375,926.5,,inf,,inf,
76200.0,[9.8984375],[3.6328125],3.66015625,,,,,0.78515625,0.78515625,0.214599609375,0.214599609375,0.0021209716796875,0.0021209716796875,832.0,,inf,,inf,
76600.0,[8.7421875],[3.63671875],3.80859375,,,,,0.7787829041481018,0.7787829041481018,0.2212171107530594,0.2212171107530594,0.00212860107421875,0.00212860107421875,484.25,,inf,,inf,
76700.0,[9.6328125],[2.7578125],2.79296875,,,,,0.6747262477874756,0.6747262477874756,0.32550182938575745,0.32550182938575745,0.0025920867919921875,0.0025920867919921875,660.0,,inf,,inf,
77000.0,[9.7578125],[4.1328125],4.21875,,,,,0.8424107432365417,0.8424107432365417,0.15770089626312256,0.15770089626312256,0.0018033981323242188,0.0018033981323242188,478.0,,inf,,inf,
77100.0,[9.828125],[3.984375],4.328125,,,,,0.8303571343421936,0.8303571343421936,0.16980229318141937,0.16980229318141937,0.001926422119140625,0.001926422119140625,inf,,inf,,inf,
77200.0,[9.609375],[3.521484375],3.63671875,,,,,0.7414529919624329,0.7414529919624329,0.25854700803756714,0.25854700803756714,0.0023174285888671875,0.0023174285888671875,776.0,,inf,,inf,
77300.0,[9.6875],[3.76171875],4.04296875,,,,,0.8057170510292053,0.8057170510292053,0.19440406560897827,0.19440406560897827,0.0020008087158203125,0.0020008087158203125,433.75,,inf,,inf,
77500.0,[9.59375],[3.185546875],3.3203125,,,,,0.7487684488296509,0.7487684488296509,0.25138548016548157,0.25138548016548157,0.00225830078125,0.00225830078125,578.0,,inf,,inf,
77600.0,[10.3046875],[3.595703125],3.74609375,,,,,0.7712450623512268,0.7712450623512268,0.228878453373909,0.228878453373909,0.0021991729736328125,0.0021991729736328125,850.5,,inf,,inf,
77800.0,[9.703125],[3.2265625],3.220703125,,,,,0.7474226951599121,0.7474226951599121,0.2525773048400879,0.2525773048400879,0.0023059844970703125,0.0023059844970703125,231.25,,inf,,inf,
78100.0,[10.1953125],[3.28125],3.388671875,,,,,0.6994897723197937,0.6994897723197937,0.3007653057575226,0.3007653057575226,0.0025005340576171875,0.0025005340576171875,inf,,inf,,inf,
78200.0,[8.5078125],[4.421875],4.53125,,,,,0.8482862710952759,0.8482862710952759,0.15196572244167328,0.15196572244167328,0.0019445419311523438,0.0019445419311523438,157.625,,inf,,inf,
78400.0,[9.65625],[2.52734375],2.82421875,,,,,0.6475961804389954,0.6475961804389954,0.3526442348957062,0.3526442348957062,0.002780914306640625,0.002780914306640625,107.0,,389.25,,inf,
78600.0,[9.5078125],[3.583984375],3.7109375,,,,,0.7741031646728516,0.7741031646728516,0.22603699564933777,0.22603699564933777,0.0021076202392578125,0.0021076202392578125,inf,,inf,,inf,
78700.0,[9.953125],[3.0234375],3.0546875,,,,,0.7042025923728943,0.7042025923728943,0.29552802443504333,0.29552802443504333,0.0024280548095703125,0.0024280548095703125,92.8125,,inf,,inf,
78800.0,[9.9921875],[3.21875],3.46875,,,,,0.7766587734222412,0.7766587734222412,0.2233412265777588,0.2233412265777588,0.0022296905517578125,0.0022296905517578125,655.5,,inf,,inf,
79000.0,[9.015625],[3.7890625],4.15234375,,,,,0.8525943160057068,0.8525943160057068,0.14733195304870605,0.14733195304870605,0.0019521713256835938,0.0019521713256835938,137.25,,256.0,,327.75,
79100.0,[8.4765625],[3.421875],3.666015625,,,,,0.7444690465927124,0.7444690465927124,0.25553098320961,0.25553098320961,0.002307891845703125,0.002307891845703125,302.5,,inf,,inf,
79600.0,[9.6328125],[3.361328125],3.4453125,,,,,0.7447368502616882,0.7447368502616882,0.25542762875556946,0.25542762875556946,0.0022640228271484375,0.0022640228271484375,564.0,,inf,,inf,
79700.0,[9.9765625],[2.7578125],2.474609375,,,,,0.6642976403236389,0.6642976403236389,0.3357023298740387,0.3357023298740387,0.0025691986083984375,0.0025691986083984375,644.5,,inf,,inf,
80000.0,[10.1796875],[3.466796875],3.51171875,,,,,0.7570422291755676,0.7570422291755676,0.24281103909015656,0.24281103909015656,0.0022220611572265625,0.0022220611572265625,1430.0,,inf,,inf,
80200.0,[10.65625],[3.974609375],4.1640625,,,,,0.7806122303009033,0.7806122303009033,0.21920554339885712,0.21920554339885712,0.00212860107421875,0.00212860107421875,1332.0,,inf,,inf,
80500.0,[9.609375],[3.638671875],3.916015625,,,,,0.7784552574157715,0.7784552574157715,0.22141768038272858,0.22141768038272858,0.0021514892578125,0.0021514892578125,382.25,,inf,,inf,
80600.0,[10.3359375],[3.173828125],3.087890625,,,,,0.7474415302276611,0.7474415302276611,0.25255846977233887,0.25255846977233887,0.00222015380859375,0.00222015380859375,462.75,,inf,,inf,
80800.0,[10.7421875],[3.3515625],3.43359375,,,,,0.7524131536483765,0.7524131536483765,0.24734556674957275,0.24734556674957275,0.0022678375244140625,0.0022678375244140625,815.0,,inf,,inf,
81000.0,[10.4140625],[3.658203125],3.92578125,,,,,0.7757009267807007,0.7757009267807007,0.2241530418395996,0.2241530418395996,0.00215911865234375,0.00215911865234375,313.5,,inf,,inf,
81200.0,[10.5390625],[3.5703125],3.529296875,,,,,0.7879902124404907,0.7879902124404907,0.21170343458652496,0.21170343458652496,0.002117156982421875,0.002117156982421875,628.0,,inf,,inf,
81300.0,[10.59375],[3.234375],3.203125,,,,,0.7552884817123413,0.7552884817123413,0.24447114765644073,0.24447114765644073,0.002201080322265625,0.002201080322265625,347.25,,inf,,inf,
81400.0,[10.3359375],[3.748046875],3.990234375,,,,,0.7696700692176819,0.7696700692176819,0.2303299456834793,0.2303299456834793,0.0021820068359375,0.0021820068359375,inf,,inf,,inf,
81600.0,[8.796875],[3.18359375],3.51953125,,,,,0.7692307829856873,0.7692307829856873,0.23076923191547394,0.23076923191547394,0.0022602081298828125,0.0022602081298828125,549.5,,inf,,inf,
81700.0,[10.3359375],[3.201171875],3.56640625,,,,,0.7333743572235107,0.7333743572235107,0.2667795419692993,0.2667795419692993,0.002437591552734375,0.002437591552734375,inf,,inf,,inf,
81800.0,[10.359375],[2.810546875],3.001953125,,,,,0.6758643388748169,0.6758643388748169,0.3241356313228607,0.3241356313228607,0.0026035308837890625,0.0026035308837890625,212.75,,inf,,inf,
81900.0,[8.46875],[2.248046875],2.41015625,,,,,0.6268203854560852,0.6268203854560852,0.3731796145439148,0.3731796145439148,0.0028076171875,0.0028076171875,409.75,,1328.0,,inf,
82400.0,[10.078125],[2.5546875],2.546875,,,,,0.6177884340286255,0.6177884340286255,0.3822115361690521,0.3822115361690521,0.0027713775634765625,0.0027713775634765625,317.5,,inf,,inf,
82500.0,[8.34375],[2.453125],2.58203125,,,,,0.6259236335754395,0.6259236335754395,0.37407636642456055,0.37407636642456055,0.0027256011962890625,0.0027256011962890625,457.5,,inf,,inf,
82600.0,[10.71875],[4.3359375],5.60546875,,,,,0.8067129850387573,0.8067129850387573,0.19343172013759613,0.19343172013759613,0.002002716064453125,0.002002716064453125,34.4375,,75.25,,inf,
82700.0,[9.8125],[3.826171875],3.7421875,,,,,0.821319043636322,0.821319043636322,0.1787768453359604,0.1787768453359604,0.0019321441650390625,0.0019321441650390625,532.5,,inf,,inf,
82800.0,[7.7734375],[3.056640625],3.44921875,,,,,0.723437488079071,0.723437488079071,0.2767578065395355,0.2767578065395355,0.002437591552734375,0.002437591552734375,43.28125,,152.75,,inf,
83000.0,[9.1953125],[3.701171875],4.18359375,,,,,0.7755952477455139,0.7755952477455139,0.22455357015132904,0.22455357015132904,0.002132415771484375,0.002132415771484375,324.25,,inf,,inf,
83100.0,[10.7890625],[3.359375],3.181640625,,,,,0.7421296238899231,0.7421296238899231,0.2576389014720917,0.2576389014720917,0.002239227294921875,0.002239227294921875,358.25,,inf,,inf,
83200.0,[9.4609375],[3.607421875],3.65625,,,,,0.7945979833602905,0.7945979833602905,0.20540201663970947,0.20540201663970947,0.0021209716796875,0.0021209716796875,671.0,,inf,,inf,
83300.0,[10.5859375],[4.05859375],4.46875,,,,,0.8384740352630615,0.8384740352630615,0.1617288887500763,0.1617288887500763,0.0018825531005859375,0.0018825531005859375,594.0,,inf,,inf,
83400.0,[10.9609375],[3.310546875],3.990234375,,,,,0.7540887594223022,0.7540887594223022,0.24605724215507507,0.24605724215507507,0.0023441314697265625,0.0023441314697265625,337.25,,inf,,inf,
83500.0,[9.5703125],[3.75390625],3.720703125,,,,,0.7631880640983582,0.7631880640983582,0.23681192100048065,0.23681192100048065,0.00211334228515625,0.00211334228515625,705.5,,inf,,inf,
83600.0,[10.1328125],[2.236328125],2.318359375,,,,,0.5224282145500183,0.5224282145500183,0.4775717556476593,0.4775717556476593,0.0030918121337890625,0.0030918121337890625,409.0,,inf,,inf,
83700.0,[10.4140625],[3.498046875],3.611328125,,,,,0.756302535533905,0.756302535533905,0.24382878839969635,0.24382878839969635,0.0022602081298828125,0.0022602081298828125,748.5,,inf,,inf,
83800.0,[11.2265625],[3.216796875],3.4765625,,,,,0.7099999785423279,0.7099999785423279,0.28999999165534973,0.28999999165534973,0.0024318695068359375,0.0024318695068359375,inf,,inf,,inf,
83900.0,[8.0859375],[2.86328125],2.681640625,,,,,0.6923363208770752,0.6923363208770752,0.3074776828289032,0.3074776828289032,0.002468109130859375,0.002468109130859375,366.25,,inf,,inf,
84000.0,[11.0],[4.12109375],4.1953125,,,,,0.779633641242981,0.779633641242981,0.22050108015537262,0.22050108015537262,0.0019502639770507812,0.0019502639770507812,inf,,inf,,inf,
84100.0,[9.78125],[4.02734375],3.9609375,,,,,0.8053571581840515,0.8053571581840515,0.19464285671710968,0.19464285671710968,0.001983642578125,0.001983642578125,1020.0,,inf,,inf,
84200.0,[8.5],[2.80859375],2.927734375,,,,,0.7336409687995911,0.7336409687995911,0.2661493420600891,0.2661493420600891,0.00235748291015625,0.00235748291015625,362.5,,inf,,inf,
84300.0,[10.0703125],[4.02734375],4.37109375,,,,,0.8412162065505981,0.8412162065505981,0.15892454981803894,0.15892454981803894,0.0018796920776367188,0.0018796920776367188,375.5,,inf,,inf,
84400.0,[9.6640625],[3.58203125],3.490234375,,,,,0.783088207244873,0.783088207244873,0.21709558367729187,0.21709558367729187,0.00212860107421875,0.00212860107421875,210.75,,inf,,inf,
84500.0,[9.109375],[3.375],3.5390625,,,,,0.7776785492897034,0.7776785492897034,0.22220982611179352,0.22220982611179352,0.0022029876708984375,0.0022029876708984375,inf,,inf,,inf,
85000.0,[10.1484375],[2.677734375],2.517578125,,,,,0.6127451062202454,0.6127451062202454,0.38725489377975464,0.38725489377975464,0.002765655517578125,0.002765655517578125,950.5,,inf,,inf,
85100.0,[11.296875],[1.94921875],2.064453125,,,,,0.5481321811676025,0.5481321811676025,0.45186781883239746,0.45186781883239746,0.003055572509765625,0.003055572509765625,128.125,,inf,,inf,
85200.0,[8.6796875],[2.83984375],2.357421875,,,,,0.6643907427787781,0.6643907427787781,0.3356092572212219,0.3356092572212219,0.0025119781494140625,0.0025119781494140625,210.375,,711.5,,inf,
85300.0,[9.2734375],[3.48046875],3.99609375,,,,,0.7875000238418579,0.7875000238418579,0.21262019872665405,0.21262019872665405,0.0022125244140625,0.0022125244140625,inf,,inf,,inf,
85400.0,[9.7578125],[3.037109375],3.1328125,,,,,0.7446619272232056,0.7446619272232056,0.25533807277679443,0.25533807277679443,0.0023345947265625,0.0023345947265625,inf,,inf,,inf,
85600.0,[9.796875],[4.03125],4.21875,,,,,0.8129595518112183,0.8129595518112183,0.1868106573820114,0.1868106573820114,0.002010345458984375,0.002010345458984375,469.0,,inf,,inf,
85800.0,[10.015625],[3.30078125],3.376953125,,,,,0.7601460814476013,0.7601460814476013,0.23965097963809967,0.23965097963809967,0.00222015380859375,0.00222015380859375,425.25,,inf,,inf,
85900.0,[10.3203125],[3.966796875],4.16015625,,,,,0.7983871102333069,0.7983871102333069,0.20186491310596466,0.20186491310596466,0.0020694732666015625,0.0020694732666015625,inf,,inf,,inf,
86000.0,[10.3359375],[3.255859375],3.587890625,,,,,0.7625661492347717,0.7625661492347717,0.23743386566638947,0.23743386566638947,0.002353668212890625,0.002353668212890625,595.5,,inf,,inf,
86100.0,[11.4140625],[3.158203125],3.416015625,,,,,0.7129629850387573,0.7129629850387573,0.28703704476356506,0.28703704476356506,0.0023326873779296875,0.0023326873779296875,284.5,,inf,,inf,
86200.0,[9.671875],[3.123046875],3.16015625,,,,,0.7255067825317383,0.7255067825317383,0.2744932472705841,0.2744932472705841,0.002376556396484375,0.002376556396484375,852.0,,inf,,inf,
86300.0,[7.6796875],[3.9609375],4.4609375,,,,,0.8306159377098083,0.8306159377098083,0.1692708283662796,0.1692708283662796,0.0018596649169921875,0.0018596649169921875,186.375,,342.5,,473.25,
86400.0,[5.53125],[4.98828125],5.5078125,,,,,0.9354619383811951,0.9354619383811951,0.0648777186870575,0.0648777186870575,0.0015993118286132812,0.0015993118286132812,16.125,,13.984375,,8.8125,
86500.0,[9.171875],[3.02734375],3.189453125,,,,,0.6934171319007874,0.6934171319007874,0.3067677617073059,0.3067677617073059,0.002452850341796875,0.002452850341796875,461.75,,inf,,inf,
87000.0,[9.2421875],[3.068359375],3.197265625,,,,,0.7582417726516724,0.7582417726516724,0.24141483008861542,0.24141483008861542,0.002277374267578125,0.002277374267578125,213.375,,inf,,inf,
87100.0,[9.1640625],[3.541015625],3.794921875,,,,,0.710869550704956,0.710869550704956,0.28940218687057495,0.28940218687057495,0.0024051666259765625,0.0024051666259765625,323.5,,inf,,inf,
87200.0,[9.9765625],[3.0703125],3.830078125,,,,,0.7868589758872986,0.7868589758872986,0.21314102411270142,0.21314102411270142,0.002391815185546875,0.002391815185546875,231.25,,inf,,inf,
87400.0,[9.5859375],[3.341796875],3.451171875,,,,,0.7615489363670349,0.7615489363670349,0.23845109343528748,0.23845109343528748,0.0022640228271484375,0.0022640228271484375,229.625,,inf,,inf,
87500.0,[8.6640625],[4.2578125],4.6796875,,,,,0.873161792755127,0.873161792755127,0.12653186917304993,0.12653186917304993,0.0016956329345703125,0.0016956329345703125,124.625,,252.25,,269.0,
87600.0,[9.71875],[3.302734375],3.556640625,,,,,0.7872806787490845,0.7872806787490845,0.21271929144859314,0.21271929144859314,0.0022029876708984375,0.0022029876708984375,322.25,,inf,,inf,
87700.0,[9.8203125],[2.587890625],2.92578125,,,,,0.7163865566253662,0.7163865566253662,0.2833508551120758,0.2833508551120758,0.0024509429931640625,0.0024509429931640625,286.0,,inf,,inf,
87900.0,[9.265625],[3.8046875],3.765625,,,,,0.7927756905555725,0.7927756905555725,0.20722433924674988,0.20722433924674988,0.0020351409912109375,0.0020351409912109375,879.0,,inf,,inf,
88000.0,[9.5703125],[3.736328125],3.90625,,,,,0.7970238327980042,0.7970238327980042,0.20297619700431824,0.20297619700431824,0.002044677734375,0.002044677734375,309.75,,inf,,inf,
88100.0,[11.0390625],[3.017578125],2.76171875,,,,,0.6808739304542542,0.6808739304542542,0.31912606954574585,0.31912606954574585,0.002483367919921875,0.002483367919921875,inf,,inf,,inf,
88300.0,[10.6796875],[3.41796875],3.380859375,,,,,0.6931818127632141,0.6931818127632141,0.306640625,0.306640625,0.002414703369140625,0.002414703369140625,162.875,,inf,,inf,
88400.0,[8.1875],[4.0],4.20703125,,,,,0.8144230842590332,0.8144230842590332,0.18569710850715637,0.18569710850715637,0.001979827880859375,0.001979827880859375,183.875,,307.5,,inf,
88600.0,[10.8203125],[3.2265625],3.46875,,,,,0.7598039507865906,0.7598039507865906,0.24050244688987732,0.24050244688987732,0.002307891845703125,0.002307891845703125,598.5,,inf,,inf,
88700.0,[10.4296875],[3.171875],3.3515625,,,,,0.7359667420387268,0.7359667420387268,0.2642931342124939,0.2642931342124939,0.002361297607421875,0.002361297607421875,inf,,inf,,inf,
88800.0,[9.625],[3.478515625],4.03515625,,,,,0.822473406791687,0.822473406791687,0.17736037075519562,0.17736037075519562,0.0020389556884765625,0.0020389556884765625,inf,,inf,,inf,
88900.0,[9.6015625],[4.30859375],4.5546875,,,,,0.8580942749977112,0.8580942749977112,0.14203381538391113,0.14203381538391113,0.0017118453979492188,0.0017118453979492188,187.125,,inf,,inf,
89000.0,[10.0],[3.2265625],3.3671875,,,,,0.7547088861465454,0.7547088861465454,0.24507705867290497,0.24507705867290497,0.0022716522216796875,0.0022716522216796875,416.0,,inf,,inf,
89100.0,[10.359375],[3.564453125],3.6953125,,,,,0.7802579402923584,0.7802579402923584,0.2197420597076416,0.2197420597076416,0.0021228790283203125,0.0021228790283203125,832.0,,inf,,inf,
89200.0,[9.4921875],[2.642578125],2.490234375,,,,,0.6589381694793701,0.6589381694793701,0.3410618305206299,0.3410618305206299,0.00264739990234375,0.00264739990234375,inf,,inf,,inf,
89300.0,[10.0703125],[3.23046875],3.279296875,,,,,0.7124999761581421,0.7124999761581421,0.2877604067325592,0.2877604067325592,0.002452850341796875,0.002452850341796875,inf,,inf,,inf,
89500.0,[11.2265625],[3.6484375],3.998046875,,,,,0.7712500095367432,0.7712500095367432,0.22875000536441803,0.22875000536441803,0.00223541259765625,0.00223541259765625,278.0,,inf,,inf,
89600.0,[8.96875],[3.076171875],3.53515625,,,,,0.721323549747467,0.721323549747467,0.27867648005485535,0.27867648005485535,0.0024261474609375,0.0024261474609375,492.75,,inf,,inf,
89700.0,[10.609375],[3.296875],3.458984375,,,,,0.780251145362854,0.780251145362854,0.219748854637146,0.219748854637146,0.0021762847900390625,0.0021762847900390625,inf,,inf,,inf,
89800.0,[10.7109375],[2.759765625],2.705078125,,,,,0.6376582384109497,0.6376582384109497,0.36214399337768555,0.36214399337768555,0.00260162353515625,0.00260162353515625,155.5,,inf,,inf,
90000.0,[10.34375],[2.896484375],3.548828125,,,,,0.6566506624221802,0.6566506624221802,0.3431490361690521,0.3431490361690521,0.0026912689208984375,0.0026912689208984375,53.15625,,inf,,inf,
90200.0,[8.453125],[1.8154296875],1.8310546875,,,,,0.5679348111152649,0.5679348111152649,0.4320652186870575,0.4320652186870575,0.0029392242431640625,0.0029392242431640625,423.5,,inf,,inf,
90300.0,[9.9296875],[3.75390625],3.896484375,,,,,0.8089353442192078,0.8089353442192078,0.1909458190202713,0.1909458190202713,0.0020809173583984375,0.0020809173583984375,inf,,inf,,inf,
